"Player","Team","Positions","AB","R","HR","RBI","SB","AVG","OBP","H","2B","3B","BB","SO","SLG","OPS"
"Shohei Ohtani","LAD","SP,DH","515","110","41","102","23",".282",".382","145","26","5","84","147",".594",".976"
"Aaron Judge","NYY","LF,CF,RF,DH","538","114","48","117","9",".292",".417","157","27","1","116","166",".614","1.031"
"Bobby Witt Jr.","KC","SS","605","102","29","93","34",".293",".345","177","37","6","49","114",".519",".865"
"Juan Soto","NYM","LF,RF","541","109","38","99","20",".274",".409","148","25","1","124","121",".536",".945"
"Jose Ramirez","CLE","3B,DH","586","92","27","89","33",".272",".343","159","34","3","63","76",".481",".824"
"Corbin Carroll","ARI","CF,RF","567","104","28","86","35",".258",".338","146","29","11","69","136",".493",".830"
"Ronald Acuna Jr.","ATL","RF","546","108","30","82","24",".283",".383","154","26","2","89","133",".505",".888"
"Julio Rodriguez","SEA","CF","609","94","29","93","27",".273",".324","166","29","3","47","146",".478",".802"
"Elly De La Cruz","CIN","SS","585","93","23","82","41",".260",".332","152","31","6","63","175",".452",".784"
"Fernando Tatis Jr.","SD","RF","572","99","29","82","25",".270",".351","155","29","2","71","129",".483",".834"
"Gunnar Henderson","BAL","SS","583","97","26","87","22",".271",".347","158","33","5","68","140",".479",".826"
"Junior Caminero","TB","3B","587","85","36","105","6",".269",".319","158","27","1","43","123",".507",".825"
"Francisco Lindor","NYM","SS","598","98","27","83","25",".260",".327","155","31","2","60","125",".454",".780"
"Kyle Tucker","LAD","RF,DH","537","94","29","93","21",".268",".367","144","28","2","84","94",".495",".862"
"Cal Raleigh","SEA","C,DH","549","87","40","100","8",".231",".325","127","23","1","76","169",".495",".821"
"Vladimir Guerrero Jr.","TOR","1B,DH","581","96","30","98","5",".296",".376","172","33","1","74","91",".515",".891"
"Nick Kurtz","ATH","1B","520","91","35","93","3",".257",".346","134","27","2","70","176",".519",".865"
"Jackson Chourio","MIL","LF,CF,RF","589","88","23","84","24",".269",".316","158","34","4","40","128",".459",".775"
"Jazz Chisholm Jr.","NYY","2B,3B","528","80","28","80","31",".240",".314","127","21","2","57","158",".445",".759"
"Kyle Schwarber","PHI","LF,DH","561","99","41","103","6",".230",".346","129","21","1","99","191",".494",".840"
"Pete Alonso","BAL","1B","585","86","36","104","2",".255",".325","149","29","1","60","152",".497",".821"
"Ketel Marte","ARI","2B,DH","545","90","28","86","6",".273",".354","149","29","2","68","103",".491",".845"
"Yordan Alvarez","HOU","LF,DH","481","82","30","86","3",".293",".383","141","27","1","70","95",".546",".929"
"Trea Turner","PHI","SS","581","89","18","71","27",".281",".328","163","30","4","41","115",".439",".767"
"Matt Olson","ATL","1B","587","90","30","93","1",".250",".341","147","31","1","81","163",".463",".804"
"Manny Machado","SD","3B","577","79","27","89","9",".263",".324","152","28","0","51","123",".455",".779"
"Bryce Harper","PHI","1B","549","86","27","89","10",".271",".362","149","33","1","78","137",".486",".848"
"Zach Neto","LAA","SS","571","87","27","78","27",".253",".306","144","31","1","44","155",".452",".758"
"Rafael Devers","SF","1B,DH","571","89","30","90","2",".252",".347","144","28","1","83","162",".465",".811"
"Pete Crow-Armstrong","CHC","CF","567","84","24","82","34",".249",".292","141","29","5","34","149",".447",".740"
"James Wood","WSH","LF,DH","546","84","25","80","16",".258",".348","141","31","2","75","184",".461",".809"
"Mookie Betts","LAD","SS","558","91","21","82","9",".267",".347","149","30","3","68","77",".448",".795"
"Brent Rooker","ATH","LF,RF,DH","575","87","32","97","6",".262",".333","151","32","2","61","163",".493",".827"
"Roman Anthony","BOS","LF,CF,RF","522","85","18","68","10",".266",".362","139","30","3","78","151",".441",".802"
"Wyatt Langford","TEX","LF,CF","533","84","24","75","21",".254",".341","135","28","2","70","142",".455",".796"
"Riley Greene","DET","LF,CF,RF,DH","567","81","28","89","4",".259",".325","147","28","3","56","176",".463",".788"
"Josh Naylor","SEA","1B,DH","546","72","21","85","16",".263",".325","144","28","0","50","89",".435",".760"
"Freddie Freeman","LAD","1B","563","86","23","88","8",".277",".354","156","35","2","67","122",".468",".822"
"Austin Riley","ATL","3B","581","84","29","88","3",".260",".318","151","30","2","49","166",".471",".789"
"Jarren Duran","BOS","LF,CF","544","81","17","69","23",".259",".320","141","35","7","49","143",".442",".762"
"Cody Bellinger","NYY","LF,CF,RF","561","80","23","83","11",".259",".320","145","27","3","51","96",".442",".762"
"Jackson Merrill","SD","CF","558","78","22","79","8",".269",".318","150","30","5","40","117",".461",".779"
"Brice Turang","MIL","2B","575","81","14","66","30",".259",".329","149","26","3","59","132",".386",".715"
"William Contreras","MIL","C,DH","530","78","19","77","6",".267",".353","141","28","1","71","117",".436",".789"
"CJ Abrams","WSH","SS","552","80","18","65","30",".251",".299","138","30","4","38","118",".417",".716"
"Vinnie Pasquantino","KC","1B,DH","565","74","26","91","1",".260",".322","147","30","1","52","93",".458",".781"
"Corey Seager","TEX","SS","477","74","27","79","2",".273",".355","130","25","0","61","101",".500",".855"
"Bo Bichette","NYM","SS","589","78","18","81","6",".287",".333","169","32","1","41","104",".443",".776"
"Geraldo Perdomo","ARI","SS","560","88","13","65","21",".262",".352","147","28","4","78","87",".395",".747"
"George Springer","TOR","LF,CF,RF,DH","516","84","24","73","14",".260",".337","134","24","2","59","115",".456",".792"
"Seiya Suzuki","CHC","LF,RF,DH","541","79","26","85","8",".257",".337","139","27","3","65","155",".467",".803"
"Maikel Garcia","KC","2B,3B,SS,OF","583","83","13","66","26",".270",".332","158","32","4","54","97",".404",".737"
"Jeremy Pena","HOU","SS","580","82","18","69","18",".273",".317","158","30","2","38","112",".425",".741"
"Byron Buxton","MIN","CF","492","82","29","75","17",".250",".309","123","26","4","42","149",".495",".803"
"Ben Rice","NYY","C,1B,DH","471","73","26","74","4",".247",".324","116","24","2","53","115",".475",".799"
"Shea Langeliers","ATH","C","471","68","27","76","5",".251",".308","118","24","1","38","118",".484",".791"
"Randy Arozarena","SEA","LF,CF","574","85","23","75","24",".234",".312","134","28","1","65","171",".408",".720"
"Alex Bregman","CHC","3B","573","82","22","80","2",".253",".332","145","28","1","67","92",".426",".757"
"Tyler Soderstrom","ATH","1B,LF","516","70","24","80","5",".255",".320","132","27","1","49","134",".450",".770"
"Oneil Cruz","PIT","CF","461","68","22","65","27",".236",".318","109","22","3","55","158",".440",".758"
"Michael Harris II","ATL","CF","523","68","20","70","18",".268",".301","140","25","4","25","108",".447",".748"
"Hunter Goodman","COL","C,DH","518","69","28","84","2",".251",".298","130","28","3","35","149",".475",".773"
"Eugenio Suarez","CIN","3B","532","74","32","91","3",".231",".297","123","23","1","50","177",".460",".758"
"Michael Busch","CHC","1B","503","76","27","77","3",".249",".327","125","25","2","58","142",".468",".796"
"Nico Hoerner","CHC","2B","570","75","7","57","26",".278",".325","158","28","3","40","59",".377",".702"
"Yandy Diaz","TB","1B,DH","565","79","20","78","2",".286",".353","161","29","1","59","95",".449",".802"
"Willy Adames","SF","SS","579","83","26","83","11",".232",".316","134","26","1","71","167",".422",".738"
"Teoscar Hernandez","LAD","LF,RF","534","73","26","86","6",".257",".305","137","27","1","37","157",".464",".769"
"Kyle Stowers","MIA","LF,CF,RF","507","69","25","79","4",".244",".317","124","25","3","54","162",".454",".771"
"Jose Altuve","HOU","2B,LF,DH","560","79","20","72","12",".261",".323","146","26","1","51","107",".420",".743"
"Jordan Westburg","BAL","2B,3B","541","81","24","77","6",".260",".308","141","28","3","37","132",".459",".766"
"Salvador Perez","KC","C,1B,DH","555","64","27","88","0",".251",".289","139","25","0","30","125",".450",".739"
"Trevor Story","BOS","SS","566","76","21","76","23",".248",".294","140","28","1","36","166",".413",".707"
"Will Smith","LAD","C","426","68","19","68","3",".259",".348","110","21","1","57","98",".453",".801"
"Brandon Nimmo","TEX","LF,CF","556","80","21","72","9",".250",".322","139","26","2","60","140",".421",".743"
"Agustin Ramirez","MIA","C,DH","433","58","17","61","11",".245",".301","106","24","1","35","94",".424",".725"
"Christian Yelich","MIL","LF,DH","527","76","20","77","17",".258",".340","136","23","1","66","144",".417",".758"
"Drake Baldwin","ATL","C","460","61","19","71","1",".261",".330","120","21","1","47","93",".438",".768"
"Ozzie Albies","ATL","2B","547","71","18","71","11",".249",".306","136","27","2","45","90",".407",".713"
"Jo Adell","LAA","CF,RF","512","69","30","84","9",".237",".290","121","22","1","38","152",".462",".752"
"Matt Chapman","SF","3B","549","82","25","77","9",".237",".326","130","29","2","72","157",".432",".758"
"Luke Keaschall","MIN","2B","474","69","12","56","24",".265",".337","126","26","2","51","93",".400",".737"
"Jackson Holliday","BAL","2B,SS","512","77","16","58","16",".249",".327","128","24","3","59","127",".400",".727"
"Andy Pages","LAD","LF,CF,RF","534","73","23","77","10",".255",".303","136","28","2","37","131",".442",".746"
"Jakob Marsee","MIA","LF,CF","495","71","13","54","33",".233",".322","115","23","4","65","126",".374",".696"
"Taylor Ward","BAL","LF","560","79","27","84","5",".242",".321","135","27","2","65","155",".441",".762"
"Jacob Wilson","ATH","SS","528","69","11","65","5",".293",".332","155","30","1","31","48",".414",".746"
"Lawrence Butler","ATH","CF,RF","508","72","20","67","18",".242",".309","123","26","2","49","146",".422",".731"
"Luis Robert Jr.","NYM","CF","479","66","20","64","30",".236",".294","113","21","1","40","148",".408",".702"
"Steven Kwan","CLE","LF","583","81","9","56","18",".273",".340","160","28","3","59","60",".376",".716"
"Ian Happ","CHC","LF","558","82","22","78","8",".241",".337","135","30","1","81","152",".422",".760"
"Ceddanne Rafaela","BOS","2B,CF","529","72","17","66","21",".254",".289","135","29","4","26","122",".417",".706"
"Xavier Edwards","MIA","2B,SS","525","69","4","46","27",".278",".340","146","22","4","49","81",".357",".697"
"Spencer Torkelson","DET","1B","550","77","27","82","2",".234",".317","129","27","1","66","163",".435",".752"
"Jurickson Profar","ATL","LF","542","79","19","71","9",".250",".336","136","26","1","70","103",".407",".743"
"Bryan Reynolds","PIT","LF,CF,RF,DH","571","74","19","75","5",".253",".320","145","29","3","56","155",".415",".735"
"Willson Contreras","BOS","1B","498","71","22","76","5",".250",".322","125","26","1","53","146",".442",".764"
"Dansby Swanson","CHC","SS","574","77","21","75","15",".242",".306","139","26","2","53","160",".408",".714"
"Adley Rutschman","BAL","C","497","67","17","66","1",".251",".335","125","25","1","63","91",".412",".747"
"Christian Walker","HOU","1B","534","70","26","81","3",".233",".296","124","23","1","48","152",".430",".726"
"Ivan Herrera","STL","C,DH","484","70","18","67","9",".269",".347","130","22","1","57","110",".432",".779"
"Brandon Lowe","PIT","2B","495","69","23","71","4",".242",".306","119","23","1","46","141",".436",".742"
"Noelvi Marte","CIN","3B,RF","500","66","17","64","16",".251",".299","126","25","2","34","123",".409",".708"
"Dylan Crews","WSH","CF,RF","504","66","16","61","24",".239",".295","121","21","4","39","123",".394",".688"
"Jonathan Aranda","TB","1B","493","69","20","73","1",".263",".339","130","24","0","56","141",".436",".775"
"Ezequiel Tovar","COL","SS","588","76","20","72","9",".259",".296","153","34","4","31","158",".429",".725"
"Alec Burleson","STL","1B,LF,RF,DH","537","67","20","76","6",".270",".322","145","26","1","41","84",".439",".761"
"Yainer Diaz","HOU","C,DH","482","58","18","67","1",".271",".303","131","24","1","22","87",".442",".745"
"Marcus Semien","NYM","2B","550","76","19","72","9",".241",".310","133","24","2","55","102",".397",".707"
"Colson Montgomery","CWS","3B,SS","510","65","23","73","3",".218",".286","111","20","2","49","171",".404",".690"
"Brenton Doyle","COL","CF","520","66","18","64","20",".243",".292","126","24","3","36","155",".402",".694"
"Alejandro Kirk","TOR","C","426","53","15","62","1",".271",".343","115","20","0","47","59",".424",".767"
"Royce Lewis","MIN","3B","475","60","20","66","11",".246",".301","117","23","1","37","110",".423",".725"
"Heliot Ramos","SF","LF,CF,RF","558","74","22","74","6",".254",".311","142","24","2","47","149",".423",".734"
"Gleyber Torres","DET","2B","566","80","18","70","6",".258",".342","146","26","1","72","113",".402",".744"
"Addison Barger","TOR","3B,LF,RF","434","59","18","62","4",".243",".306","105","25","1","39","115",".431",".737"
"Isaac Paredes","HOU","3B","411","59","19","61","1",".243",".330","100","18","1","54","80",".425",".756"
"Bryson Stott","PHI","2B,SS","528","70","13","62","24",".255",".322","135","24","3","52","99",".387",".709"
"Masyn Winn","STL","SS","570","74","14","64","13",".252",".304","144","28","3","42","112",".384",".688"
"Chandler Simpson","TB","LF,CF","425","55","1","33","42",".283",".323","120","16","3","25","48",".344",".667"
"Mark Vientos","NYM","3B,DH","407","51","19","61","1",".243",".299","99","19","1","32","117",".434",".733"
"Jasson Dominguez","NYY","LF,CF","225","33","7","28","12",".248",".321","56","10","1","24","65",".401",".723"
"Anthony Santander","TOR","LF,RF,DH","502","67","26","77","1",".227",".301","114","23","1","53","128",".429",".730"
"Luis Garcia","WSH","2B","469","59","15","62","13",".267",".309","125","25","2","28","80",".427",".736"
"Mike Trout","LAA","CF,RF,DH","459","71","26","70","3",".235",".341","108","18","2","74","165",".450",".791"
"Daylen Lile","WSH","LF,RF","493","64","11","59","14",".264",".313","130","26","8","35","98",".417",".730"
"Kyle Manzardo","CLE","1B,DH","485","63","24","74","2",".237",".313","115","25","1","54","130",".442",".755"
"Wilyer Abreu","BOS","LF,CF,RF","438","63","21","68","8",".245",".324","107","23","1","51","123",".446",".770"
"Daulton Varsho","TOR","LF,CF","501","71","25","75","9",".225",".286","112","23","3","43","142",".434",".721"
"Kerry Carpenter","DET","LF,RF,DH","444","61","23","70","2",".253",".301","113","20","3","30","115",".470",".771"
"Jorge Polanco","NYM","2B,3B,DH","461","63","21","70","5",".247",".319","114","22","0","49","105",".435",".754"
"Sal Stewart","CIN","1B","431","59","17","63","7",".263",".323","113","24","0","38","94",".444",".767"
"Matt McLain","CIN","2B","501","69","17","60","17",".234",".307","117","23","2","53","159",".392",".699"
"Andrew Vaughn","MIL","1B","494","59","19","73","1",".250",".305","124","25","1","39","107",".424",".729"
"Brendan Donovan","SEA","2B,SS,LF","494","67","12","58","5",".270",".335","133","27","1","48","76",".407",".742"
"Alec Bohm","PHI","1B,3B","530","66","15","73","3",".274",".323","145","27","2","38","91",".416",".739"
"Xander Bogaerts","SD","SS","521","67","13","61","16",".263",".325","137","26","1","47","102",".397",".721"
"Kyle Teel","CWS","C","396","54","12","46","6",".247",".330","98","17","1","49","116",".384",".714"
"Sal Frelick","MIL","LF,CF,RF","458","60","7","49","16",".263",".323","121","20","3","41","71",".371",".694"
"Spencer Steer","CIN","1B,LF","392","51","14","55","8",".237",".312","93","20","2","43","98",".404",".716"
"TJ Friedl","CIN","LF,CF","516","71","13","56","12",".242",".321","125","21","3","60","102",".369",".690"
"Samuel Basallo","BAL","C","375","49","18","55","3",".242",".304","91","18","1","34","103",".437",".741"
"Trent Grisham","NYY","CF","460","73","24","65","5",".222",".324","102","18","1","69","136",".425",".749"
"Gabriel Moreno","ARI","C","393","53","11","53","4",".274",".343","108","20","1","41","76",".413",".756"
"Luis Arraez","SF","1B,2B,DH","572","70","5","55","8",".301",".338","172","28","3","32","25",".385",".724"
"Otto Lopez","MIA","2B,SS","522","64","12","61","16",".264",".315","138","25","2","39","86",".392",".706"
"Adolis Garcia","PHI","RF","517","68","24","78","11",".236",".289","122","25","1","38","148",".429",".718"
"Jac Caglianone","KC","1B,RF","455","60","20","65","3",".244",".304","111","20","1","39","113",".425",".729"
"Matt Shaw","CHC","3B","200","28","6","24","8",".241",".310","48","9","1","20","44",".396",".705"
"Carlos Correa","HOU","3B,SS","499","65","16","65","0",".263",".329","131","24","1","49","110",".415",".744"
"Ramon Laureano","SD","LF,CF,RF","470","66","20","67","8",".248",".304","116","23","2","38","138",".434",".737"
"Nolan Schanuel","LAA","1B","508","70","12","57","6",".263",".347","134","23","1","65","81",".386",".733"
"Francisco Alvarez","NYM","C","381","51","19","57","1",".235",".307","89","16","1","40","111",".433",".740"
"Jordan Beck","COL","LF,RF","483","61","16","59","15",".244",".305","118","24","3","42","154",".401",".706"
"Jake Burger","TEX","1B","508","65","26","77","2",".243",".284","123","23","1","29","137",".452",".736"
"Brett Baty","NYM","2B,3B","398","52","16","53","5",".243",".307","97","16","1","37","110",".412",".719"
"Caleb Durbin","MIL","2B,3B","505","65","11","58","22",".250",".303","126","27","2","39","63",".376",".679"
"Munetaka Murakami","CWS","1B,3B","479","70","28","73","9",".220",".326","105","16","1","75","188",".438",".764"
"Marcell Ozuna","","DH","435","60","22","67","0",".246",".340","107","19","0","62","124",".442",".782"
"Mickey Moniak","COL","LF,CF,RF","424","58","19","61","9",".258",".297","109","21","5","23","116",".462",".759"
"Josh Lowe","LAA","LF,CF,RF","436","57","14","52","21",".242",".303","105","23","2","38","129",".401",".704"
"Colton Cowser","BAL","LF,CF,RF","459","65","20","63","14",".230",".306","105","22","1","50","165",".415",".721"
"Tommy Edman","LAD","2B,3B,CF","448","60","13","55","10",".243",".293","109","21","2","32","86",".389",".682"
"Chase DeLauter","CLE","CF,RF","440","56","14","55","3",".245",".315","108","24","1","45","91",".396",".711"
"Konnor Griffin","PIT","SS,CF","334","49","10","43","18",".255",".302","85","15","1","22","95",".396",".698"
"Jose Caballero","NYY","2B,3B,SS,LF,RF","270","39","6","28","31",".223",".303","60","13","1","31","79",".341",".644"
"Max Muncy","LAD","3B","367","58","20","61","3",".223",".338","82","15","1","64","109",".436",".774"
"J.T. Realmuto","PHI","C","433","55","14","54","7",".252",".302","109","22","2","31","116",".410",".713"
"Nick Castellanos","PHI","RF","267","33","9","36","2",".251",".295","67","13","1","17","68",".410",".705"
"Kazuma Okamoto","TOR","1B,3B","478","63","23","73","2",".245",".319","117","25","0","52","105",".445",".764"
"Dillon Dingler","DET","C","376","45","12","49","1",".247",".296","93","19","2","27","103",".400",".696"
"Jung Hoo Lee","SF","CF","514","67","9","56","9",".268",".326","138","28","6","44","63",".399",".725"
"Josh Bell","MIN","1B,DH","473","60","19","66","1",".248",".326","117","21","1","55","101",".419",".745"
"Miguel Vargas","CWS","1B,3B","498","70","17","65","7",".236",".317","117","28","2","60","109",".406",".724"
"Colt Keith","DET","1B,2B,3B,DH","430","60","14","55","3",".259",".326","111","22","2","42","100",".418",".744"
"Anthony Volpe","NYY","SS","421","55","13","51","17",".231",".290","97","22","3","35","112",".391",".681"
"Jeff McNeil","ATH","2B,LF,CF,RF","483","61","12","57","4",".258",".320","124","26","3","44","69",".398",".718"
"Andres Gimenez","TOR","2B,SS","513","65","11","56","21",".247",".292","127","23","2","33","98",".367",".659"
"Carter Jensen","KC","C","325","43","11","43","4",".242",".319","79","16","2","37","95",".406",".726"
"Logan O'Hoppe","LAA","C","400","46","18","52","2",".232",".285","93","14","1","29","124",".408",".693"
"JJ Wetherholt","STL","2B,3B,SS","379","49","9","44","9",".249",".322","94","18","1","41","76",".374",".696"
"Brooks Lee","MIN","2B,3B,SS","505","57","15","61","4",".243",".293","123","23","1","36","95",".380",".674"
"Spencer Horwitz","PIT","1B","416","58","11","51","2",".262",".345","109","26","1","53","86",".405",".750"
"J.P. Crawford","SEA","SS","520","66","11","56","5",".242",".330","126","24","1","69","114",".359",".689"
"Kevin McGonigle","DET","SS","203","29","7","27","5",".255",".330","52","12","1","23","35",".417",".747"
"Ha-Seong Kim","ATL","2B,SS","290","39","7","32","12",".240",".321","70","12","1","34","59",".366",".687"
"Lars Nootbaar","STL","LF,CF,RF","464","66","16","56","6",".243",".335","112","22","2","64","109",".406",".741"
"Ryan O'Hearn","PIT","1B,LF,RF,DH","475","63","15","62","3",".263",".332","125","24","2","49","101",".414",".746"
"Josh Jung","TEX","3B","483","57","17","62","4",".248",".291","120","22","1","29","131",".407",".698"
"Bryce Eldridge","SF","1B,DH","373","43","16","53","2",".231",".298","86","17","0","36","125",".408",".707"
"Marcelo Mayer","BOS","2B,3B","453","58","14","57","7",".243",".299","110","26","2","36","119",".397",".696"
"Chase Meidroth","CWS","2B,3B,SS","468","63","7","42","13",".251",".334","118","19","1","58","82",".342",".676"
"Giancarlo Stanton","NYY","LF,RF,DH","406","54","27","73","0",".227",".301","92","15","0","43","143",".466",".768"
"Evan Carter","TEX","LF,CF,RF","381","55","11","45","18",".239",".319","91","18","3","45","99",".390",".709"
"Brandon Marsh","PHI","LF,CF","414","57","13","53","11",".255",".329","106","21","3","46","131",".407",".736"
"Dylan Beavers","BAL","LF,RF","357","51","12","44","12",".242",".331","86","17","2","48","98",".400",".731"
"Matt Wallner","MIN","LF,RF","400","58","22","62","4",".229",".312","92","21","2","48","143",".453",".765"
"Austin Wells","NYY","C","407","52","18","59","4",".226",".292","92","20","1","38","114",".414",".707"
"Ryan Jeffers","MIN","C,DH","442","58","16","58","2",".245",".317","108","23","1","47","105",".406",".722"
"Cedric Mullins II","TB","CF","404","55","14","51","20",".226",".298","91","19","2","41","102",".386",".684"
"Ernie Clement","TOR","1B,2B,3B,SS","545","68","11","61","9",".267",".300","145","30","3","26","60",".389",".689"
"Lenyn Sosa","CWS","1B,2B","376","40","13","47","2",".249",".281","94","16","1","17","90",".405",".686"
"Jake Cronenworth","SD","1B,2B,SS","511","67","14","61","4",".235",".320","120","24","3","64","117",".379",".699"
"Cam Smith","HOU","RF","378","49","10","44","6",".241",".306","91","18","3","35","109",".380",".686"
"Justin Crawford","PHI","CF","360","49","6","36","21",".268",".323","97","17","2","29","83",".373",".695"
"Tyler Stephenson","CIN","C","379","48","14","51","1",".235",".311","89","18","1","42","121",".397",".708"
"Isaac Collins","KC","LF,RF","342","48","8","40","13",".239",".330","82","18","2","47","84",".373",".704"
"Sean Murphy","ATL","C","300","39","14","44","0",".220",".299","66","13","0","34","93",".407",".706"
"Edgar Quero","CWS","C,DH","385","42","8","44","1",".253",".321","97","17","0","38","79",".365",".686"
"Victor Robles","SEA","LF,CF,RF","315","41","6","33","20",".245",".295","77","16","1","22","75",".358",".653"
"Dominic Canzone","SEA","LF,RF","378","47","15","52","4",".244",".300","92","17","1","30","95",".419",".720"
"Parker Meadows","DET","CF","440","59","12","48","14",".228",".300","101","18","5","45","124",".377",".678"
"Jake Mangum","PIT","LF,CF,RF","345","38","3","33","15",".270",".305","93","18","2","17","62",".358",".663"
"Connor Norby","MIA","3B","435","56","14","53","9",".244",".299","106","22","2","34","127",".399",".698"
"Carson Benge","NYM","CF","338","46","10","41","8",".237",".308","80","16","2","35","82",".384",".692"
"Jordan Walker","STL","LF,RF","456","54","15","55","9",".236",".294","108","22","1","37","133",".390",".683"
"Moises Ballesteros","CHC","C,DH","320","38","9","41","1",".261",".323","83","15","1","29","63",".401",".723"
"Jared Triolo","PIT","1B,2B,3B,SS","463","58","10","48","14",".240",".319","111","22","2","54","119",".361",".679"
"Trevor Larnach","MIN","LF,RF,DH","380","50","13","49","4",".246",".323","94","18","1","43","101",".405",".728"
"Bo Naylor","CLE","C","390","51","16","51","4",".217",".300","84","19","1","47","109",".394",".694"
"Gavin Sheets","SD","1B,LF,RF,DH","475","54","16","62","2",".239",".302","114","24","1","43","106",".397",".699"
"Jordan Lawlar","ARI","3B","135","17","3","15","6",".237",".305","32","8","1","13","39",".383",".688"
"Nolan Arenado","ARI","3B","509","59","16","67","3",".249",".301","127","23","1","38","79",".394",".695"
"Paul Goldschmidt","","1B","430","57","14","54","5",".256",".321","110","23","1","41","108",".411",".732"
"Jonathan India","KC","2B,3B,LF,DH","462","64","12","52","6",".245",".324","113","25","1","54","103",".383",".707"
"Nick Gonzales","PIT","2B,SS","380","46","8","43","2",".258",".305","98","21","3","26","84",".394",".700"
"Carlos Narvaez","BOS","C","368","44","12","45","2",".227",".302","83","18","0","40","109",".372",".674"
"Victor Scott","STL","CF","468","58","8","42","34",".223",".285","105","18","3","41","117",".322",".607"
"Owen Caissie","MIA","CF,RF","345","43","12","43","4",".237",".312","82","18","1","38","119",".398",".710"
"Triston Casas","BOS","1B","172","23","8","26","0",".239",".333","41","8","0","24","51",".433",".765"
"Andrew Benintendi","CWS","LF,DH","445","54","15","57","3",".247",".313","110","20","1","42","86",".402",".714"
"Jesus Sanchez","HOU","LF,CF,RF","396","54","16","52","10",".246",".310","97","19","2","37","105",".424",".735"
"Joey Ortiz","MIL","SS","501","63","10","56","14",".244",".299","122","25","3","40","95",".371",".670"
"Ryan McMahon","NYY","3B","428","53","17","53","3",".215",".303","92","18","1","54","154",".379",".682"
"Freddy Fermin","SD","C","403","44","10","43","2",".241",".293","97","16","0","29","88",".354",".646"
"Carson Kelly","CHC","C","329","41","12","43","2",".236",".309","78","13","1","35","74",".392",".701"
"Mike Yastrzemski","ATL","LF,CF,RF","385","54","15","49","4",".229",".315","88","19","2","48","103",".410",".725"
"Jorge Soler","LAA","RF,DH","433","58","22","61","1",".227",".308","98","20","0","51","134",".425",".733"
"Harrison Bader","SF","LF,CF,RF","451","58","14","52","14",".245",".294","110","20","1","32","118",".388",".682"
"Jhostynxon Garcia","PIT","CF,RF","311","39","10","37","4",".233",".284","72","14","2","22","95",".382",".666"
"Sung-Mun Song","SD","2B,3B","306","36","7","33","7",".236",".296","72","14","1","26","60",".359",".654"
"Jacob Melton","TB","LF,CF","129","16","4","14","7",".221",".279","28","6","0","10","38",".360",".639"
"Zach McKinstry","DET","3B,SS,LF,RF","372","49","8","38","14",".237",".302","88","17","5","35","90",".374",".676"
"Willi Castro","COL","2B,3B,LF,RF","455","63","12","50","14",".251",".313","114","22","4","41","117",".394",".707"
"Kristian Campbell","BOS","2B,CF","166","22","4","19","3",".247",".324","41","8","1","19","48",".379",".703"
"Harry Ford","WSH","C","194","25","5","22","5",".229",".315","44","9","0","24","51",".351",".666"
"Josh Smith","TEX","1B,3B,SS,LF,RF","408","54","9","42","9",".242",".316","99","20","2","44","89",".367",".683"
"Gabriel Arias","CLE","2B,SS","405","46","12","46","8",".227",".275","92","20","2","27","135",".373",".648"
"Lane Thomas","KC","CF,RF","347","47","12","43","14",".233",".296","81","17","2","31","100",".394",".690"
"Keibert Ruiz","WSH","C","308","30","8","36","2",".244",".282","75","14","0","16","38",".366",".648"
"Austin Hays","CWS","LF,DH","423","55","14","54","5",".244",".295","103","22","2","31","115",".410",".705"
"Miguel Amaya","CHC","C","244","29","7","32","1",".234",".289","57","11","1","19","58",".374",".663"
"Nolan Gorman","STL","2B,3B,DH","450","57","21","64","4",".214",".294","96","18","1","51","165",".400",".694"
"Romy Gonzalez","BOS","1B,2B","330","44","11","45","10",".268",".310","88","18","2","20","88",".432",".743"
"Colt Emerson","SEA","SS","245","30","5","27","5",".235",".300","58","12","1","23","59",".357",".657"
"Christian Moore","LAA","2B","404","49","12","45","8",".226",".296","91","15","3","40","139",".365",".661"
"Danny Jansen","TEX","C","290","37","13","38","1",".213",".299","62","12","0","36","78",".389",".688"
"Patrick Bailey","SF","C","445","49","10","49","2",".224",".283","99","19","2","37","129",".338",".622"
"Denzel Clarke","ATH","CF","308","40","7","32","12",".225",".284","69","15","3","25","112",".359",".643"
"Javier Baez","DET","2B,3B,SS,CF","301","34","8","36","5",".233",".262","70","13","1","12","78",".365",".628"
"Kyle Higashioka","TEX","C,DH","238","26","9","32","2",".224",".272","53","11","1","16","64",".396",".668"
"Ke'Bryan Hayes","CIN","3B","479","53","9","49","11",".242",".293","116","20","2","35","105",".350",".643"
"Rhys Hoskins","","1B","359","46","16","52","3",".222",".309","80","15","1","45","112",".406",".716"
"Jake Meyers","HOU","CF","402","53","9","43","12",".250",".310","100","19","2","35","92",".376",".686"
"Kody Clemens","MIN","1B,2B,LF,RF","224","29","10","31","3",".229",".286","51","10","2","18","60",".429",".715"
"Hyeseong Kim","LAD","2B,SS,CF","138","17","2","15","7",".242",".287","33","6","1","9","37",".345",".632"
"Tyler O'Neill","BAL","LF,RF","335","48","18","49","5",".233",".311","78","14","1","38","107",".441",".752"
"Joc Pederson","TEX","DH","343","49","16","50","3",".231",".321","79","14","1","45","91",".429",".750"
"Aidan Miller","PHI","SS","53","7","1","5","3",".237",".321","13","3","0","7","15",".368",".689"
"Brayan Rocchio","CLE","2B,SS","436","53","9","47","12",".236",".296","103","23","2","38","90",".357",".654"
"Victor Caratini","MIN","C,1B,DH","323","38","10","41","1",".251",".309","81","13","0","27","65",".384",".693"
"Joe Mack","MIA","C","213","25","7","26","2",".220",".279","47","9","0","17","66",".367",".646"
"Tyler Freeman","COL","2B,RF,DH","285","40","5","30","13",".271",".330","77","15","1","25","43",".385",".715"
"Brady House","WSH","3B","457","50","12","53","6",".242",".278","111","20","1","23","134",".372",".650"
"Luis Rengifo","","2B,3B,OF","355","42","8","38","10",".253",".303","90","14","2","25","69",".373",".676"
"Ronny Mauricio","NYM","2B,3B","125","15","4","15","4",".236",".286","29","5","0","9","34",".384",".670"
"Pavin Smith","ARI","1B,DH","354","47","12","47","2",".234",".328","83","17","1","50","103",".387",".715"
"Ben Williamson","TB","3B","188","21","2","18","4",".245",".297","46","9","1","14","44",".343",".640"
"Wenceel Perez","DET","CF,RF","431","57","13","50","11",".238",".301","103","20","5","38","102",".393",".693"
"Blaze Alexander","BAL","2B,3B","364","44","9","42","8",".229",".296","83","16","2","35","125",".359",".655"
"Dalton Rushing","LAD","C","172","23","7","24","1",".224",".305","38","8","0","20","56",".389",".694"
"Miguel Andujar","SD","3B,LF,DH","342","40","9","43","2",".274",".315","94","18","1","21","54",".410",".725"
"Brooks Baldwin","CWS","2B,3B,SS,LF,CF,RF","327","39","11","40","7",".245",".297","80","15","1","24","84",".403",".701"
"C.J. Kayfus","CLE","1B,LF,RF","351","45","11","45","4",".239",".308","84","18","3","35","109",".400",".709"
"Walker Jenkins","MIN","CF","79","10","2","9","2",".243",".313","19","4","0","8","20",".373",".687"
"Troy Johnston","COL","1B,LF,RF","221","27","6","27","7",".251",".302","55","11","2","16","51",".395",".697"
"Zack Gelof","ATH","2B","129","17","5","15","4",".219",".290","28","6","0","13","46",".384",".674"
"Colby Thomas","ATH","LF,CF,RF","218","28","8","30","4",".235",".279","51","12","1","13","72",".413",".691"
"Zach Cole","HOU","LF,CF,RF","292","38","11","37","9",".213",".281","62","13","3","28","126",".383",".664"
"Griffin Conine","MIA","LF,RF","312","37","11","40","1",".222",".294","69","13","1","32","114",".377",".671"
"Nathan Lukes","TOR","LF,CF,RF","287","38","6","35","3",".262",".323","75","14","2","26","50",".389",".712"
"Christopher Morel","MIA","LF","283","37","12","38","6",".224",".297","63","13","1","29","93",".408",".705"
"Max Clark","DET","CF","43","7","1","5","1",".237",".337","10","1","1","6","10",".391",".728"
"Jimmy Crooks III","STL","C","85","10","2","10","0",".237",".294","20","4","0","7","25",".356",".649"
"Nathaniel Lowe","","1B","346","44","11","46","1",".247",".330","85","15","1","43","95",".390",".720"
"Lourdes Gurriel Jr.","ARI","LF","326","39","11","44","5",".260",".304","85","16","1","21","57",".420",".725"
"Joshua Baez","STL","LF,CF,RF","34","4","1","4","3",".212",".298","7","1","0","4","8",".362",".660"
"Carson Williams","TB","SS","345","46","13","43","11",".213",".278","73","13","2","31","131",".377",".655"
"Casey Schmitt","SF","1B,2B,3B","209","24","7","26","1",".238",".290","50","9","0","15","53",".394",".684"
"Javier Sanoja","MIA","2B,3B,SS,LF,CF","209","25","3","23","6",".259",".304","54","12","2","13","23",".380",".684"
"Matt Vierling","DET","LF,CF","240","30","6","27","3",".243",".303","59","11","1","21","62",".380",".683"
"Nasim Nunez","WSH","2B,SS","272","34","4","24","23",".226",".302","61","9","1","30","72",".305",".607"
"Adael Amador","COL","2B","113","14","3","12","4",".243",".316","27","5","0","12","22",".361",".677"
"Coby Mayo","BAL","1B","76","9","3","10","1",".226",".304","17","4","0","8","23",".401",".705"
"Heriberto Hernandez","MIA","LF,RF,DH","302","39","11","40","3",".224",".303","68","13","1","34","102",".388",".691"
"Austin Martin","MIN","2B,LF,CF","276","37","3","26","12",".253",".335","70","14","1","34","54",".348",".683"
"Ryan Mountcastle","BAL","1B,DH","166","20","6","22","1",".257",".302","43","8","0","11","44",".418",".720"
"Alek Thomas","ARI","CF","397","49","10","44","8",".241",".285","96","19","3","24","99",".377",".661"
"Tim Tawa","ARI","1B,2B,LF,CF","84","10","2","10","2",".221",".287","19","4","0","8","23",".353",".640"
"Max Muncy","ATH","2B,3B,SS","352","41","11","43","4",".235",".284","83","18","1","24","108",".382",".665"
"Ryan Waldschmidt","ARI","LF,CF,RF","135","19","3","15","5",".241",".326","32","6","1","17","34",".376",".702"
"Zac Veen","COL","LF,RF","110","13","3","12","4",".241",".299","27","6","1","9","30",".384",".683"
"Joey Bart","PIT","C","291","34","8","34","1",".237",".313","69","12","0","32","91",".369",".682"
"Travis Bazzana","CLE","2B","184","25","5","20","4",".217",".305","40","9","1","23","59",".344",".649"
"Angel Martinez","CLE","2B,LF,CF","251","30","6","27","5",".233",".282","58","13","1","17","58",".364",".647"
"Brice Matthews","HOU","2B","44","6","1","5","2",".210",".289","9","1","0","5","16",".338",".627"
"Jake Bauers","MIL","1B,LF,RF","256","35","11","36","8",".215",".309","55","11","1","35","89",".398",".707"
"Cooper Ingle","CLE","C","17","2","0","1","0",".245",".366","4","1","0","3","4",".339",".705"
"Jeremiah Jackson","BAL","3B,RF","215","25","7","26","4",".239",".276","51","11","1","11","54",".392",".668"
"Max Kepler","","LF,RF","131","17","5","17","1",".237",".307","31","6","0","13","30",".398",".705"
"Charlie Condon","COL","1B,OF","167","20","5","21","1",".235",".296","39","7","1","14","54",".383",".679"
"Daniel Susac","SF","C","80","8","2","9","1",".226",".269","18","3","0","5","25",".346",".615"
"Mauricio Dubon","ATL","2B,3B,SS,LF,CF","310","36","5","32","3",".254",".293","79","15","1","17","42",".362",".655"
"Vaughn Grissom","LAA","2B","257","31","6","27","5",".247",".304","63","12","1","21","56",".366",".671"
"Jeferson Quero","MIL","C","64","7","2","8","0",".229",".289","15","3","0","5","13",".359",".648"
"Garrett Mitchell","MIL","CF,RF","328","45","9","37","13",".234",".308","77","15","3","35","110",".378",".686"
"Thomas Saggese","STL","2B,3B,SS","316","37","7","35","4",".244",".291","77","15","1","21","88",".367",".658"
"Jonah Heim","","C,DH","226","24","6","27","1",".227",".284","51","9","0","18","47",".354",".637"
"Pedro Pages","STL","C","317","33","9","37","1",".224",".277","71","13","1","23","90",".358",".634"
"Dylan Moore","","1B,2B,3B,LF,RF","78","11","3","9","5",".204",".283","16","4","0","9","27",".368",".651"
"Nelson Rada","LAA","CF","83","10","1","7","5",".239",".310","20","3","0","9","22",".307",".617"
"Christian Encarnacion-Strand","CIN","1B,3B","72","9","3","10","0",".235",".278","17","4","0","4","21",".447",".725"
"Edmundo Sosa","PHI","2B,3B,SS","188","24","6","24","2",".250",".283","47","9","1","9","47",".408",".691"
"Max Anderson","DET","2B,3B","28","3","1","3","0",".257",".297","7","1","0","2","5",".398",".694"
"Daniel Schneemann","CLE","2B,3B,SS,CF,RF","185","22","5","20","4",".217",".294","40","9","1","20","55",".356",".650"
"Isiah Kiner-Falefa","BOS","2B,3B,SS","286","31","3","27","9",".250",".287","72","12","1","15","52",".331",".618"
"Joey Loperfido","TOR","LF,CF,RF","37","4","1","4","1",".231",".287","9","2","0","3","11",".371",".657"
"Andruw Monasterio","MIL","1B,2B,3B,SS","145","18","3","16","4",".233",".303","34","7","0","15","39",".352",".655"
"Robert Hassell III","WSH","CF,RF","224","25","4","23","6",".240",".296","54","9","0","18","60",".342",".638"
"Jett Williams","MIL","2B,SS,OF","61","8","1","7","3",".222",".303","13","3","1","7","18",".365",".668"
"Graham Pauley","MIA","3B","315","38","10","37","5",".227",".294","72","15","1","30","72",".374",".668"
"Everson Pereira","CWS","LF,CF","185","25","8","23","4",".221",".284","41","7","1","16","66",".390",".674"
"Cole Young","SEA","2B","332","42","7","36","5",".234",".310","78","16","2","37","64",".358",".668"
"Kyle Karros","COL","3B","214","27","4","22","2",".253",".321","54","12","1","21","57",".372",".693"
"Liam Hicks","MIA","C,1B,DH","163","19","3","18","1",".241",".325","39","7","0","20","30",".337",".662"
"Jonny DeLuca","TB","LF,CF,RF","239","29","6","27","9",".230",".284","55","10","2","18","55",".373",".657"
"Alejandro Osuna","TEX","LF,CF,RF","90","12","2","10","3",".243",".314","22","4","0","9","22",".360",".674"
"Rafael Flores","PIT","C,1B","71","8","2","8","1",".237",".299","17","3","0","6","21",".371",".670"
"Otto Kemp","PHI","1B,3B,LF","181","25","6","25","4",".236",".294","43","9","1","15","57",".393",".687"
"Luke Raley","SEA","1B,LF,CF,RF","236","32","9","31","4",".224",".284","53","10","1","20","79",".397",".681"
"Curtis Mead","CWS","1B,2B,3B","70","8","2","7","1",".243",".294","17","3","0","5","16",".361",".655"
"Luis Matos","SF","LF,CF,RF","138","16","5","17","3",".241",".287","33","7","0","9","21",".398",".685"
"Masataka Yoshida","BOS","LF,DH","189","23","5","25","2",".272",".322","51","10","0","14","28",".409",".731"
"Jake McCarthy","COL","LF,CF,RF","303","41","6","32","13",".264",".315","80","14","4","22","58",".387",".702"
"Emmanuel Rodriguez","MIN","CF","46","7","1","5","1",".219",".347","10","2","0","9","19",".370",".717"
"Blaine Crim","COL","1B","165","20","6","22","1",".244",".308","40","8","1","15","41",".403",".711"
"Ryan Ritter","COL","2B,SS","190","25","5","22","4",".245",".304","47","9","2","16","58",".385",".689"
"Adrian Del Castillo","ARI","C,DH","186","22","6","24","1",".230",".295","43","9","1","17","58",".388",".683"
"Eric Wagaman","MIN","1B,LF","129","16","4","15","1",".252",".301","32","7","1","9","29",".403",".703"
"Nick Fortes","TB","C","274","29","7","29","2",".224",".270","62","11","1","17","54",".342",".612"
"Nick Yorke","PIT","2B","157","18","3","17","4",".251",".305","39","8","1","12","38",".366",".671"
"Kaelen Culpepper","MIN","SS","41","5","1","4","2",".250",".310","10","2","0","4","8",".363",".673"
"Drew Gilbert","SF","CF,RF","185","22","5","21","2",".227",".292","42","8","1","17","42",".362",".654"
"Yanquiel Fernandez","NYY","RF,DH","38","4","1","5","0",".241",".290","9","2","0","3","9",".377",".667"
"Henry Davis","PIT","C","232","28","7","26","3",".220",".286","51","10","1","21","67",".366",".651"
"Sebastian Walcott","TEX","3B,SS","68","8","1","7","2",".231",".297","16","3","0","6","18",".339",".636"
"Michael Massey","KC","2B,LF","296","32","9","35","2",".243",".281","72","14","1","16","59",".386",".666"
"Connor Wong","BOS","C","201","24","5","22","3",".238",".290","48","10","1","15","54",".369",".659"
"Taylor Walls","TB","SS","278","35","5","29","14",".213",".293","59","13","2","31","73",".324",".616"
"Kemp Alderman","MIA","RF","14","2","0","2","0",".253",".290","4","0","0","1","4",".344",".635"
"Alan Roden","MIN","LF,RF","162","22","3","18","3",".251",".318","41","9","1","16","32",".377",".695"
"Jacob Young","WSH","CF","294","36","2","25","17",".248",".300","73","12","1","22","59",".321",".621"
"Davis Schneider","TOR","2B,LF","249","35","11","34","4",".218",".316","54","11","1","36","82",".402",".718"
"Ryan Clifford","NYM","1B,OF","30","4","1","4","0",".210",".305","6","1","0","4","10",".386",".692"
"Will Benson","CIN","LF,CF,RF","204","29","9","28","6",".222",".302","45","9","2","23","72",".411",".713"
"Ezequiel Duran","TEX","1B,2B,3B,SS,LF","262","31","6","27","9",".241",".280","63","14","1","14","68",".368",".648"
"Jonathon Long","CHC","1B","30","4","1","4","0",".249",".339","7","1","0","4","8",".363",".703"
"JJ Bleday","CIN","LF,CF,RF","276","37","12","38","2",".227",".311","63","14","1","33","73",".418",".728"
"Jake Fraley","TB","LF,RF","335","42","9","38","12",".241",".310","81","16","1","34","78",".367",".677"
"Gavin Lux","TB","2B,3B,LF,DH","400","51","7","43","3",".253",".330","101","22","2","46","99",".370",".700"
"Darell Hernaiz","ATH","2B,3B,SS","173","21","2","18","3",".255",".312","44","9","1","14","28",".355",".667"
"Yoan Moncada","LAA","3B","341","43","12","43","1",".239",".311","81","17","1","36","103",".407",".717"
"Mike Tauchman","","LF,CF,RF","283","39","7","30","2",".234",".327","66","12","1","39","75",".358",".685"
"Luis Torrens","NYM","C","201","22","5","24","1",".239",".291","48","10","1","15","49",".375",".666"
"Leo De Vries","ATH","SS","32","4","1","4","0",".228",".294","7","2","0","3","9",".387",".682"
"Tyrone Taylor","NYM","LF,CF,RF","264","33","6","29","8",".230",".271","61","14","2","15","65",".369",".640"
"Luisangel Acuna","CWS","2B","373","46","5","33","23",".246",".291","92","17","2","24","76",".341",".631"
"Alex Freeland","LAD","3B,SS","120","16","4","14","3",".218",".305","26","6","0","15","37",".358",".663"
"Leody Taveras","BAL","CF,RF","99","13","3","11","5",".240",".294","24","4","1","8","23",".389",".683"
"Enrique Bradfield Jr.","BAL","CF","43","6","0","4","4",".226",".301","10","2","0","5","11",".319",".619"
"Ryan Ward","LAD","1B,LF,RF","23","3","1","3","0",".216",".279","5","1","0","2","7",".414",".693"
"Jose Trevino","CIN","C","236","25","6","26","1",".236",".281","56","11","0","15","40",".359",".640"
"Ramon Urias","","2B,3B","216","26","7","26","2",".245",".302","53","10","1","18","54",".391",".693"
"Bryan Torres","STL","2B,LF,CF,RF","88","11","1","8","3",".260",".335","23","4","0","10","18",".332",".667"
"Endy Rodriguez","PIT","C,1B","127","16","3","13","1",".233",".298","30","7","1","12","28",".361",".659"
"James Outman","MIN","LF,CF,RF","172","24","7","21","4",".208",".287","36","8","1","19","67",".377",".665"
"Jose Fermin","STL","2B","171","22","3","19","7",".242",".322","41","9","0","20","25",".356",".678"
"Miguel Rojas","LAD","2B,3B,SS","184","22","3","20","3",".249",".300","46","9","0","13","29",".355",".655"
"Nathan Church","STL","LF,CF,RF","153","19","3","16","4",".249",".297","38","7","1","10","25",".354",".651"
"Blake Perkins","MIL","LF,CF,RF","190","24","4","20","8",".221",".300","42","8","1","22","58",".335",".635"
"James McCann","ARI","C","171","19","5","21","1",".235",".279","40","8","0","10","48",".372",".650"
"Richie Palacios","TB","IF,LF","166","22","3","17","7",".228",".311","38","7","0","20","37",".330",".642"
"Cody Freeman","TEX","2B","194","22","5","22","3",".241",".284","47","9","0","12","33",".371",".655"
"Henry Bolte","ATH","RF","29","4","1","3","3",".249",".332","7","2","0","4","10",".357",".689"
"Jerar Encarnacion","SF","RF","123","14","5","16","1",".226",".288","28","5","0","11","44",".375",".663"
"George Valera","CLE","LF,RF,DH","339","42","12","41","2",".223",".302","76","15","1","38","106",".379",".681"
"Ty France","","1B","320","38","8","38","1",".254",".300","81","16","0","21","64",".380",".681"
"Junior Perez","ATH","LF,CF,RF","52","7","1","6","2",".201",".285","11","3","0","6","20",".347",".633"
"Hector Rodriguez","CIN","LF,RF","23","3","1","3","0",".247",".291","6","1","0","1","4",".371",".662"
"Esteury Ruiz","MIA","LF,CF","80","11","2","8","9",".239",".307","19","4","1","8","19",".376",".683"
"Kevin Alcantara","CHC","CF,RF","59","7","2","7","2",".229",".295","13","2","0","6","20",".357",".652"
"Amed Rosario","NYY","2B,3B","226","27","4","26","5",".263",".296","60","11","1","11","43",".386",".682"
"Jesus Rodriguez","SF","C","32","4","0","3","1",".261",".324","8","1","0","3","6",".341",".665"
"David Hamilton","BOS","2B,SS","122","17","3","13","13",".224",".289","27","5","1","11","33",".355",".645"
"Andres Chaparro","WSH","1B","236","27","9","32","1",".231",".296","54","11","0","22","62",".397",".692"
"Heston Kjerstad","BAL","LF,RF","43","5","2","5","0",".229",".282","10","2","0","3","13",".393",".674"
"Esmerlyn Valdez","PIT","1B,LF,RF","18","2","1","2","0",".228",".295","4","1","0","2","6",".375",".670"
"Wilmer Flores","","1B,DH","213","24","7","29","0",".233",".297","50","8","0","19","43",".377",".673"
"Warming Bernabel","WSH","1B","83","8","2","8","1",".252",".288","21","4","0","4","14",".361",".649"
"Thairo Estrada","","2B","268","31","7","31","4",".250",".284","67","13","1","13","56",".380",".664"
"David Fry","CLE","DH","193","23","7","25","2",".221",".285","43","9","1","17","57",".385",".670"
"Michael Toglia","CIN","1B","38","4","2","5","0",".206",".283","8","2","0","4","15",".395",".679"
"Josue Briceno","DET","C,1B","29","3","1","3","0",".230",".331","7","1","1","4","8",".366",".696"
"Luis Campusano","SD","C,DH","270","34","9","34","1",".240",".311","65","11","0","28","61",".380",".691"
"Tyler Locklear","ARI","1B","163","21","5","21","4",".235",".300","38","8","1","15","50",".380",".680"
"Michael Conforto","","LF","280","36","11","36","1",".225",".307","63","13","0","33","79",".390",".697"
"Tyler Tolbert","KC","LF,CF","92","12","1","8","9",".223",".270","21","4","1","6","26",".317",".587"
"Yohel Pozo","STL","C","156","16","4","19","1",".251",".276","39","8","0","5","21",".389",".665"
"Tommy Pham","","LF,CF,RF","313","38","8","35","6",".241",".313","75","15","1","33","80",".374",".687"
"Tre' Morgan","TB","1B,OF","45","6","1","5","1",".246",".327","11","2","0","5","10",".359",".686"
"Trey Sweeney","DET","SS","81","10","2","9","2",".216",".285","17","3","0","8","24",".343",".628"
"Dane Myers","CIN","LF,CF,RF","208","26","6","24","8",".242",".297","50","8","0","16","58",".369",".666"
"Tyler Fitzgerald","SF","2B","68","8","2","7","2",".223",".275","15","3","0","5","22",".361",".637"
"Gary Sanchez","","C","199","25","10","30","0",".224",".289","45","8","0","18","59",".413",".702"
"Travis d'Arnaud","LAA","C","200","22","7","24","0",".217",".268","44","10","0","14","62",".379",".646"
"Carlos Cortes","ATH","LF,RF","131","16","4","17","1",".235",".299","31","7","0","12","31",".385",".684"
"Gabriel Gonzalez","MIN","LF,RF","49","6","1","5","0",".263",".314","13","3","0","4","10",".403",".717"
"Abimelec Ortiz","WSH","1B,OF","176","22","7","23","1",".225",".288","39","8","1","16","51",".393",".681"
"Ryan Bliss","SEA","2B","72","9","2","8","5",".221",".288","16","3","0","7","21",".341",".629"
"Mitch Garver","","C,DH","196","24","8","25","1",".208",".297","41","7","1","25","63",".368",".665"
"Jack Suwinski","PIT","LF,CF,RF","165","22","7","22","5",".213",".302","35","8","1","21","58",".390",".693"
"Nolan Jones","CLE","LF,CF,RF","110","14","3","13","3",".229",".314","25","5","0","14","36",".372",".686"
"Oswald Peraza","LAA","1B,2B,3B,SS","204","24","6","22","8",".217",".273","44","8","0","16","58",".346",".619"
"Braden Montgomery","CWS","CF","129","14","3","13","2",".226",".286","29","7","1","11","42",".358",".643"
"Nacho Alvarez Jr.","ATL","3B","50","6","1","5","0",".238",".308","12","2","0","5","12",".323",".631"
"Adam Frazier","","2B,LF,RF","269","30","4","26","5",".237",".289","64","12","1","20","53",".333",".622"
"Shay Whitcomb","HOU","2B,3B","28","3","1","4","1",".215",".270","6","1","0","2","9",".392",".662"
"Jace Jung","DET","3B","71","9","2","8","0",".216",".318","15","3","0","11","22",".353",".671"
"Rowdy Tellez","","1B","286","33","13","41","1",".231",".291","66","11","0","24","76",".413",".704"
"Deyvison De Los Santos","MIA","1B,3B","112","13","4","13","2",".236",".278","26","4","0","7","31",".377",".654"
"Zach Dezenzo","HOU","LF,RF","89","11","3","11","1",".232",".292","21","4","0","8","29",".378",".671"
"Hao-Yu Lee","DET","2B,3B","30","4","1","3","1",".233",".302","7","1","0","3","7",".375",".678"
"Payton Eeles","BAL","2B,SS,LF","25","4","1","2","2",".225",".321","6","1","0","4","6",".307",".628"
"Max Schuemann","ATH","2B,3B,SS,OF","91","12","2","9","3",".226",".306","21","4","1","10","24",".342",".648"
"Kyle Isbel","KC","CF","410","52","7","41","9",".236",".286","97","19","4","29","89",".354",".640"
"Edouard Julien","COL","1B,2B","309","40","9","35","4",".238",".338","74","14","1","46","105",".376",".714"
"Starling Marte","","LF,RF,DH","245","31","6","28","7",".257",".305","63","11","1","17","58",".384",".688"
"Andrew McCutchen","","RF,DH","302","38","9","34","2",".231",".322","70","13","0","40","82",".365",".687"
"Carlos Santana","ARI","1B","295","35","10","37","3",".220",".302","65","12","0","35","64",".359",".661"
"Tyler Austin","CHC","1B,RF","219","29","10","32","1",".243",".314","53","12","1","23","61",".441",".756"
"Jesse Winker","","LF,RF,DH","246","33","7","31","4",".236",".338","58","11","1","38","64",".377",".715"
"Rob Refsnyder","SEA","LF,CF,RF,DH","210","28","7","28","3",".240",".320","51","10","0","24","63",".396",".716"
"Randal Grichuk","","LF,RF,DH","220","28","8","28","1",".246",".293","54","12","1","15","50",".424",".718"
"Sam Haggerty","TEX","LF,CF","196","27","3","19","12",".241",".305","47","9","2","18","49",".349",".654"
"Enrique Hernandez","","1B,2B,3B,LF","260","30","7","32","1",".224",".281","58","12","0","20","65",".356",".636"
"Jose Tena","WSH","2B,3B","219","25","4","23","7",".247",".301","54","11","1","17","61",".367",".668"
"Dominic Smith","","1B","227","26","6","27","2",".238",".299","54","10","1","20","51",".365",".664"
"Alex Verdugo","","LF,RF","213","27","4","23","1",".249",".307","53","11","0","18","36",".365",".672"
"Braxton Fulford","COL","C","178","23","6","23","3",".237",".295","42","9","1","15","55",".392",".687"
"Justin Turner","","1B,3B","191","23","5","22","1",".239",".310","46","9","0","19","42",".359",".669"
"Justyn-Henry Malloy","TB","LF,RF,DH","171","23","5","22","1",".235",".333","40","8","0","25","54",".373",".705"
"Johnathan Rodriguez","CLE","RF","159","19","6","20","1",".243",".308","39","7","1","15","50",".401",".709"
"Jon Berti","","2B,3B","156","19","2","14","11",".244",".303","38","6","1","13","36",".331",".634"
"Nick Sogard","BOS","1B,2B","188","23","3","18","5",".237",".313","45","9","0","21","46",".328",".641"
"Bryce Teodosio","LAA","CF","211","23","3","19","10",".213",".257","45","9","2","12","71",".311",".567"
"Jorge Mateo","ATL","2B,SS,CF","137","18","3","14","12",".222",".267","30","7","1","8","39",".352",".619"
"Oswaldo Cabrera","NYY","3B","167","21","4","19","3",".233",".294","39","7","0","14","38",".356",".649"
"Hunter Feduccia","TB","C","220","25","5","23","1",".217",".305","48","10","1","28","63",".328",".632"
"Jahmai Jones","DET","LF,CF,RF,DH","133","20","4","17","3",".242",".323","32","7","1","16","37",".409",".733"
"Jose Iglesias","","2B,3B,SS","188","20","2","19","2",".250",".292","47","9","0","11","34",".336",".628"
"Alex Call","LAD","LF,CF,RF","138","20","4","17","2",".236",".326","33","6","0","19","31",".363",".689"
"Chris Taylor","","2B,LF,CF,RF","188","23","4","20","4",".213",".283","40","9","1","18","67",".337",".621"
"Bryce Johnson","SD","LF,CF,RF","176","21","2","16","7",".225",".290","40","7","1","16","53",".311",".601"
"Austin Slater","","LF,CF,RF","158","21","4","18","2",".229",".310","36","6","1","18","53",".359",".668"
"Jake Rogers","DET","C","168","21","6","21","1",".211",".277","35","7","1","15","55",".374",".651"
"Santiago Espinal","","2B,3B,LF,RF","178","18","2","17","2",".249",".301","44","8","0","13","26",".330",".631"
"Brett Harris","ATH","3B","149","18","4","16","2",".228",".297","34","6","0","15","35",".347",".644"
"Christian Vazquez","","C","188","19","4","18","2",".222",".273","42","7","0","13","39",".317",".591"
"Luis Urias","","2B,3B","151","18","4","18","1",".228",".306","34","6","0","17","32",".353",".660"
"MJ Melendez","","LF","133","16","5","16","3",".216",".281","29","7","1","12","42",".397",".678"
"Kyle Farmer","","1B,2B,3B,SS,DH","156","17","4","17","1",".229",".278","36","7","0","11","38",".356",".634"
"Will Wagner","SD","1B,3B","144","17","2","15","1",".247",".320","36","7","0","15","28",".356",".676"
"Michael Helman","TEX","CF","131","16","4","15","4",".214",".263","28","6","0","9","33",".350",".613"
"Leo Rivas","SEA","2B,SS","130","18","2","12","7",".218",".328","28","5","0","21","38",".302",".631"
"John Rave","KC","LF,CF,RF","131","17","3","14","4",".223",".296","29","6","1","13","38",".354",".649"
"Austin Wynns","ATH","C","136","15","4","17","1",".227",".277","31","6","0","9","41",".358",".635"
"Nate Eaton","BOS","3B,CF,RF","111","14","3","12","5",".231",".279","26","5","1","7","30",".360",".639"
"Gio Urshela","","3B","143","14","2","16","0",".257",".303","37","7","0","9","29",".358",".661"
"Myles Straw","TOR","LF,CF,RF","130","17","1","12","6",".234",".293","30","6","1","11","28",".316",".609"
"J.C. Escarra","NYY","C","153","18","3","17","1",".225",".296","34","7","1","16","32",".351",".648"
"Mark Canha","","LF,RF","140","16","3","15","1",".235",".306","33","6","0","14","32",".344",".651"
"Orlando Arcia","MIN","1B,2B,3B,SS","152","16","4","16","1",".224",".276","34","7","0","11","35",".348",".624"
"Johan Rojas","PHI","CF","101","13","1","10","6",".243",".285","25","4","1","6","23",".342",".627"
"Drew Millas","WSH","C","121","14","2","13","3",".241",".300","29","6","1","10","23",".346",".646"
"Jose Miranda","SD","1B,3B","130","14","3","15","1",".229",".275","30","6","0","8","26",".350",".625"
"Donovan Solano","","1B","140","12","3","16","0",".246",".300","34","5","1","11","35",".346",".646"
"Brendan Rodgers","","2B","133","15","3","14","0",".231",".287","31","6","0","10","39",".352",".639"
"Derek Hill","CWS","LF,CF","97","12","3","10","3",".235",".282","23","4","1","6","30",".368",".650"
"Eli White","ATL","LF,CF,RF","88","12","2","10","4",".235",".285","21","3","1","6","26",".372",".657"
"LaMonte Wade Jr.","CWS","1B,RF","115","15","3","12","1",".224",".332","26","5","0","19","31",".355",".686"
"Chas McCormick","CHC","LF,CF,RF","97","12","3","11","3",".225",".290","22","3","0","9","29",".357",".647"
"Nick Loftin","KC","2B,3B,LF","110","13","2","12","2",".239",".314","26","5","0","12","20",".354",".669"
"Tirso Ornelas","SD","LF","108","13","3","12","1",".235",".299","25","5","0","10","25",".361",".660"
"Tyler Heineman","TOR","C","122","15","2","13","2",".222",".289","27","5","1","12","28",".327",".615"
"DJ LeMahieu","","1B,2B,3B","111","13","2","11","1",".242",".318","27","4","0","12","26",".334",".652"
"Jorge Barrosa","ARI","LF,CF","121","14","2","12","2",".225",".289","27","6","1","11","31",".332",".621"
"Elias Diaz","","C","128","14","3","14","0",".219",".272","28","5","0","9","34",".341",".614"
"Joey Wiemer","WSH","LF,CF,RF","109","12","3","12","3",".207",".278","23","5","0","11","36",".340",".618"
"Nick Allen","HOU","SS","126","14","1","11","3",".227",".285","29","5","0","10","27",".295",".580"
"Rafael Marchan","PHI","C","119","13","2","13","1",".229",".294","27","5","0","11","23",".328",".623"
"Cesar Salazar","HOU","C","131","15","3","14","1",".205",".276","27","5","0","13","30",".313",".589"
"Jason Heyward","","LF,RF","85","12","3","12","1",".218",".284","18","4","1","8","20",".373",".657"
"Reese McGuire","MIL","C","103","11","3","12","1",".222",".271","23","4","0","7","26",".346",".618"
"Tom Murphy","","C","83","10","3","10","1",".235",".301","19","4","0","8","26",".392",".693"
"Korey Lee","CWS","C","96","11","3","10","1",".220",".263","21","4","0","6","28",".349",".611"
"Jarred Kelenic","CWS","LF,CF,RF","93","10","3","10","2",".216",".278","20","4","0","8","30",".361",".639"
"Kris Bryant","COL","DH","93","11","3","10","0",".230",".295","21","4","0","9","27",".360",".655"
"Juan Brito","CLE","1B,2B","83","10","2","10","1",".228",".306","19","4","0","9","19",".358",".663"
"T.J. Rumfield","COL","1B","75","9","2","9","0",".246",".314","19","4","0","7","17",".380",".694"
"Leo Jimenez","TOR","2B","76","10","2","8","1",".233",".297","18","4","0","7","19",".366",".662"
"Andy Ibanez","LAD","2B,3B","76","9","2","9","1",".239",".293","18","4","0","6","17",".374",".667"
"Orelvis Martinez","WSH","2B,3B","87","10","3","11","0",".202",".264","18","4","0","7","27",".362",".626"
"Matthew Lugo","LAA","LF,CF","78","9","2","9","2",".221",".262","17","4","1","4","26",".372",".634"
"Christian Koss","SF","2B,3B,SS","75","9","1","8","2",".237",".276","18","4","0","4","19",".344",".620"
"Luke Maile","KC","C","98","11","2","10","1",".216",".295","21","4","0","11","32",".324",".619"
"Andrew Knizner","SEA","C","100","11","2","10","0",".218",".277","22","4","0","8","24",".320",".597"
"Drew Waters","KC","LF,CF,RF","79","9","2","7","2",".225",".289","18","4","1","7","26",".349",".639"
"Will Brennan","","LF,CF,RF","77","8","1","7","1",".262",".299","20","4","0","4","11",".361",".660"
"Maximo Acosta","MIA","3B,SS","63","7","2","7","3",".228",".285","14","3","0","5","17",".342",".627"
"Abraham Toro","KC","1B,2B,3B","67","8","2","7","1",".238",".300","16","3","0","6","14",".372",".672"
"Alexander Canario","","LF,CF,RF","71","8","3","8","1",".215",".283","15","3","0","7","26",".364",".648"
"DaShawn Keirsey","ATL","LF,CF,RF","51","6","1","5","6",".211",".273","11","2","1","4","15",".331",".604"
"Manuel Margot","","LF,CF,RF","78","8","1","8","1",".238",".287","19","4","0","5","16",".333",".619"
"Dairon Blanco","KC","LF,CF,RF","46","6","1","4","5",".233",".282","11","2","0","3","13",".347",".630"
"Brandon Lockridge","MIL","LF,CF,RF","54","6","1","5","4",".235",".299","13","2","0","5","16",".319",".618"
"Paul DeJong","NYY","2B,3B,SS","67","7","3","8","1",".207",".255","14","2","0","4","23",".369",".625"
"Kameron Misner","KC","CF,RF","59","8","2","6","3",".202",".293","12","3","0","8","22",".331",".625"
"Hunter Renfroe","","RF","78","8","3","8","0",".218",".282","17","4","0","7","19",".373",".655"
"Ji Hwan Bae","NYM","CF,RF","52","7","1","4","4",".233",".313","12","3","0","6","15",".331",".644"
"Ryan Vilade","TB","LF,RF","64","8","1","7","1",".231",".295","15","3","0","6","18",".352",".646"
"Austin Hedges","CLE","C","120","12","3","11","1",".186",".250","22","4","0","10","35",".294",".544"
"Jose Siri","LAA","CF","48","7","2","6","2",".203",".257","10","2","0","3","19",".393",".650"
"Samad Taylor","SD","2B,RF","46","6","1","5","3",".229",".301","11","2","0","5","13",".329",".630"
"Mason McCoy","SD","SS","85","9","1","8","3",".201",".263","17","4","0","7","29",".288",".550"
"Spencer Jones","NYY","CF","43","6","2","6","2",".222",".288","9","2","0","4","19",".403",".691"
"Riley Adams","WSH","C","74","8","2","8","0",".214",".269","16","3","0","6","28",".348",".618"
"Dominic Keegan","TB","C","58","7","2","7","0",".227",".285","13","3","0","5","18",".369",".654"
"Bryan De La Cruz","PHI","LF,RF","50","6","2","6","0",".231",".278","12","2","0","3","15",".380",".658"
"Kyren Paris","LAA","2B,CF","50","6","2","5","3",".197",".279","10","2","0","6","19",".341",".620"
"Travis Jankowski","","LF,CF,RF","60","7","1","5","3",".226",".296","13","2","0","6","13",".291",".586"
"Jacob Stallings","","C","102","10","2","10","0",".198",".263","20","4","0","9","31",".298",".560"
"Ildemaro Vargas","ARI","1B,2B","58","6","1","6","1",".240",".284","14","3","0","4","8",".349",".633"
"Tristan Gray","MIN","2B,SS","63","7","2","8","0",".213",".266","13","3","0","5","20",".355",".622"
"Dylan Carlson","CHC","LF,CF,RF","60","7","1","7","1",".223",".304","13","3","0","7","16",".339",".643"
"Tyler Callihan","CIN","2B,LF","49","6","1","5","2",".225",".287","11","2","0","4","16",".349",".636"
"Seth Brown","NYY","1B,LF,CF,RF","47","5","2","6","0",".234",".292","11","2","0","4","13",".387",".679"
"Tanner Murray","CWS","2B,3B,SS,LF,RF","72","8","1","7","0",".227",".264","16","4","0","4","19",".330",".594"
"Jeimer Candelario","LAA","1B,3B","63","7","2","7","0",".202",".266","13","3","0","5","20",".351",".617"
"Luke Williams","ATL","2B,SS","40","5","1","4","5",".184",".249","7","2","0","3","12",".275",".525"
"Jhonkensy Noel","BAL","1B,RF","41","5","2","6","0",".218",".265","9","2","0","3","13",".416",".681"
"Nick Madrigal","LAA","2B,3B","51","6","0","5","1",".261",".300","13","3","0","3","6",".333",".634"
"Gustavo Campero","LAA","RF","32","4","1","4","2",".240",".298","8","2","0","3","7",".365",".663"
"Enmanuel Valdez","PIT","1B","45","5","2","6","0",".230",".302","10","2","0","5","11",".394",".695"
"Yohandy Morales","WSH","1B,3B","51","6","1","6","0",".231",".287","12","2","0","4","16",".348",".635"
"Joey Meneses","ATH","1B","55","6","1","6","0",".236",".282","13","3","0","4","12",".359",".641"
"Alex Jackson","MIN","C","44","6","2","6","0",".206",".261","9","2","0","3","15",".366",".628"
"Anthony Seigler","MIL","3B","44","6","1","5","2",".212",".313","9","2","0","6","12",".338",".651"
"Corey Julks","DET","LF,RF","49","6","1","5","1",".229",".296","11","2","0","5","12",".349",".645"
"Liover Peguero","PHI","1B,2B,SS","43","5","1","5","1",".221",".277","10","2","0","3","11",".347",".624"
"Josh Rojas","KC","2B,3B","60","7","1","5","1",".225",".295","13","3","0","6","15",".322",".618"
"Oscar Gonzalez","","LF","42","4","1","5","1",".232",".262","10","2","0","2","10",".357",".619"
"Dustin Harris","CWS","LF","33","4","1","3","2",".227",".300","8","1","0","4","9",".338",".639"
"Bob Seymour","","1B","32","4","2","5","0",".216",".279","7","1","0","3","10",".410",".689"
"Alika Williams","PIT","2B,SS","49","5","1","5","1",".225",".275","11","2","0","3","12",".322",".596"
"Gabriel Rincones","PHI","LF,RF","32","4","1","4","2",".218",".312","7","1","0","4","10",".387",".698"
"Brett Wisely","TB","2B","46","5","1","5","1",".225",".292","10","2","0","4","12",".342",".633"
"Aaron Schunk","ATL","2B,3B,SS","50","5","1","5","1",".223",".277","11","2","0","4","12",".337",".614"
"Sterlin Thompson","COL","1B,LF","34","4","1","4","0",".251",".309","9","2","0","3","9",".395",".704"
"Tommy Troy","ARI","2B","34","4","1","4","1",".237",".303","8","2","0","3","8",".333",".636"
"Tim Anderson","","2B,SS","58","6","0","4","1",".235",".269","14","2","0","3","16",".285",".554"
"Grant McCray","SF","LF,CF,RF","43","5","1","5","1",".213",".274","9","2","0","4","15",".346",".620"
"Ryan Kreidler","MIN","CF","57","6","1","5","2",".195",".277","11","3","0","6","20",".307",".584"
"Taylor Trammell","HOU","LF,CF","40","5","1","5","1",".209",".304","8","2","0","6","14",".368",".673"
"Eloy Jimenez","TOR","RF,DH","36","4","1","4","0",".243",".300","9","2","0","3","8",".367",".667"
"Akil Baddoo","MIL","LF","32","4","1","4","1",".213",".297","7","1","0","4","10",".390",".687"
"Jose Ramos","NYM","RF","32","4","1","4","1",".216",".291","7","1","0","3","13",".361",".652"
"Michael Arroyo","SEA","2B","40","5","1","3","1",".224",".305","9","2","0","5","10",".315",".620"
"Yuli Gurriel","","1B,DH","63","5","1","6","1",".203",".276","13","3","1","6","12",".321",".596"
"Rece Hinds","CIN","RF","26","3","1","4","1",".230",".280","6","1","0","2","10",".454",".734"
"Garrett Hampson","CIN","2B,LF,CF","48","6","0","4","2",".217",".284","10","2","0","5","14",".286",".571"
"Justin Foscue","TEX","1B","42","5","1","5","0",".221",".291","9","2","0","4","9",".366",".657"
"Miles Mastrobuoni","SEA","2B,3B,LF,RF","37","5","0","3","1",".228",".310","9","2","0","4","8",".303",".613"
"Ronny Simon","PIT","2B,LF","29","3","1","3","1",".240",".311","7","1","0","3","6",".345",".656"
"Blake Dunn","CIN","LF,RF","32","4","1","3","1",".230",".304","7","1","0","3","11",".354",".658"
"Estevan Florial","","LF,CF,RF","22","3","1","3","1",".217",".289","5","1","0","2","7",".362",".651"
"Weston Wilson","BAL","2B,LF","22","3","1","3","1",".210",".295","5","1","0","3","7",".342",".638"
"Kahlil Watson","CLE","LF,CF,RF","22","3","1","3","1",".220",".289","5","1","0","2","7",".342",".631"
"Logan Davidson","TB","1B,3B","26","3","1","3","1",".220",".315","6","1","0","4","9",".320",".635"
"Elehuris Montero","","1B,3B","29","3","1","4","0",".232",".285","7","1","0","2","8",".385",".670"
"Raynel Delgado","TB","2B,SS","27","3","1","2","2",".212",".293","6","1","0","3","6",".308",".601"
"Wade Meckler","LAA","CF","32","4","0","3","1",".241",".314","8","1","0","3","8",".303",".617"
"Rafael Lantigua","TOR","2B,3B","29","4","1","3","1",".213",".327","6","1","0","5","6",".309",".636"
"Cooper Kinney","TB","2B,3B","40","4","1","4","0",".225",".269","9","2","0","2","11",".347",".616"
"Yohendrick Pinango","TOR","LF","27","3","1","3","1",".216",".309","6","2","0","4","7",".334",".643"
"Billy Cook","PIT","CF","31","3","1","3","1",".215",".269","7","1","0","2","10",".333",".602"
"Denzer Guzman","LAA","3B,SS","40","4","1","4","1",".208",".275","8","2","0","4","13",".342",".618"
"A.J. Vukovich","ARI","3B,LF","28","3","1","3","0",".232",".284","7","1","0","2","9",".378",".662"
"Juan Yepez","","1B","28","3","1","3","0",".236",".292","7","1","0","2","6",".377",".668"
"Matt Mervis","WSH","1B","33","4","1","4","0",".208",".268","7","1","0","3","11",".345",".614"
"Daniel Johnson","MIA","CF,RF","34","4","1","3","1",".214",".265","7","1","0","2","8",".355",".620"
"Chadwick Tromp","ATL","C","37","4","1","4","0",".205",".261","8","1","0","3","11",".315",".576"
"Jonatan Clase","TOR","LF,CF","29","4","0","3","2",".222",".295","6","2","0","3","9",".333",".628"
"Andrew Pinckney","WSH","CF","32","3","1","3","1",".222",".271","7","1","0","2","11",".341",".611"
"Nick Maton","CWS","3B,DH","36","4","1","5","0",".196",".305","7","1","0","6","11",".325",".630"
"Vidal Brujan","NYM","3B,SS,OF","30","4","0","3","1",".223",".284","7","1","0","3","7",".311",".595"
"Jared Serna","MIA","2B,SS","34","4","0","3","1",".222",".280","8","1","0","3","7",".298",".577"
"Jake Cave","","1B,LF,CF,RF","25","3","1","3","0",".239",".288","6","1","0","2","7",".377",".665"
"Tyler Nevin","","1B,3B,LF,RF","25","3","1","3","0",".241",".304","6","1","0","2","5",".389",".693"
"Jared Young","NYM","1B,LF,DH","25","3","1","3","0",".229",".302","6","1","0","3","7",".395",".697"
"Jonah Bride","TEX","1B,3B","34","4","1","4","0",".216",".318","7","1","0","5","9",".324",".642"
"Mickey Gasper","BOS","IF,C","34","4","1","4","0",".219",".303","7","2","0","4","8",".345",".648"
"Blaze Jordan","STL","1B,3B","23","2","1","3","0",".252",".292","6","1","0","1","4",".389",".682"
"Pedro Leon","PHI","RF","25","3","1","3","1",".208",".271","5","1","0","2","9",".344",".614"
"RJ Schreck","TOR","RF","25","3","1","3","1",".209",".333","5","1","0","5","7",".374",".707"
"Will Robertson","BAL","LF,CF,RF","28","3","1","4","0",".211",".292","6","1","0","3","11",".365",".657"
"Scott Kingery","CHC","2B,SS","29","3","1","3","1",".206",".258","6","1","0","2","9",".320",".578"
"Carter Kieboom","CLE","1B,2B,3B","29","3","1","3","1",".215",".279","6","1","0","3","7",".305",".584"
"Willie Calhoun","","RF,DH","22","3","1","3","0",".233",".303","5","1","0","2","4",".358",".661"
"Edward Olivares","TB","LF,RF","22","3","1","3","0",".243",".296","5","1","0","2","5",".390",".685"
"Cesar Prieto","STL","2B,3B,SS","38","4","0","4","0",".243",".278","9","2","0","2","6",".331",".609"
"Will Wilson","","2B,3B,SS","42","4","1","4","1",".200",".265","8","2","0","4","12",".308",".574"
"Trey Mancini","LAA","1B,LF,RF","26","3","1","3","0",".220",".276","6","1","0","2","8",".327",".603"
"Ben Rortvedt","CIN","C","39","4","1","4","0",".198",".275","8","2","0","4","12",".289",".564"
"Brennan Milone","ATH","1B","20","3","1","2","0",".221",".294","5","1","0","2","6",".352",".646"
"Braden Shewmake","NYY","2B,3B,SS","30","3","1","3","1",".202",".262","6","1","0","2","7",".303",".565"
"Carson McCusker","","LF,RF","30","3","1","3","1",".208",".274","6","2","0","3","11",".375",".648"
"Matt Thaiss","TB","C","33","3","1","4","0",".224",".334","7","2","0","5","9",".339",".673"
"J.D. Martinez","","DH","27","3","1","3","0",".228",".295","6","1","0","3","9",".375",".670"
"Tyler Black","MIL","1B","22","3","0","3","1",".209",".321","5","1","0","4","7",".320",".640"
"Justin Dean","CHC","CF","23","3","0","2","2",".208",".279","5","1","0","2","8",".251",".530"
"Kevin Newman","KC","1B,2B,3B,SS","33","4","0","3","0",".238",".282","8","2","0","2","6",".322",".603"
"Joshua Palacios","","LF,CF,RF","21","3","1","2","0",".235",".297","5","1","0","2","5",".376",".673"
"Eduardo Valencia","DET","C,1B,DH","21","2","1","3","0",".237",".285","5","1","0","1","5",".422",".707"
"Nelson Velazquez","STL","LF,RF,DH","30","4","1","3","0",".210",".283","6","1","0","3","9",".371",".654"
"Kenedy Corona","NYY","LF,CF,RF","28","3","1","2","2",".193",".275","5","1","0","3","8",".290",".565"
"Cam Devanney","","3B","31","3","1","3","1",".208",".286","6","2","0","3","9",".324",".609"
"Oscar Colas","CWS","CF,RF","24","3","1","3","0",".215",".272","5","1","0","2","7",".339",".611"
"Jordyn Adams","MIL","CF,RF","25","3","1","2","1",".205",".260","5","1","0","2","9",".323",".583"
"Luis Vazquez","BAL","3B,SS","29","3","1","2","1",".217",".285","6","1","0","3","7",".318",".603"
"Connor Joe","CIN","1B,LF,RF","22","3","1","2","0",".224",".307","5","1","0","3","6",".351",".658"
"Andre Lipcius","","3B","22","3","1","2","0",".220",".288","5","1","0","2","6",".349",".638"
"Steward Berroa","MIL","CF,RF","18","2","0","2","2",".200",".298","4","1","0","2","6",".283",".581"
"Jordan Diaz","","1B,2B,3B","20","2","1","2","0",".240",".286","5","1","0","1","4",".384",".670"
"Luken Baker","ARI","1B,DH","21","3","1","3","0",".212",".293","4","1","0","2","7",".375",".667"
"Will Banfield","CIN","C","29","3","1","3","0",".200",".254","6","1","0","2","9",".293",".547"
"Ryan Fitzgerald","LAD","2B,SS","29","3","1","3","0",".206",".284","6","1","0","3","8",".356",".640"
"Blake Sabol","TB","C","23","3","1","2","0",".207",".273","5","1","0","2","8",".335",".608"
"Tim Elko","CWS","1B","23","2","1","3","0",".230",".272","5","1","0","1","8",".345",".617"
"Matt Koperniak","STL","LF,RF","25","3","0","3","0",".230",".280","6","1","0","2","6",".311",".591"
"Brandon Drury","KC","1B,2B,3B","21","2","1","2","0",".219",".275","5","1","0","2","6",".350",".626"
"Tyler Wade","TEX","2B,LF,CF","35","4","0","3","1",".216",".290","7","1","0","4","9",".272",".563"
"Drew Avans","COL","LF,CF,RF","16","2","0","2","1",".240",".308","4","1","0","2","4",".338",".647"
"James Triantos","CHC","2B,LF,CF","16","2","0","2","1",".252",".286","4","1","0","1","3",".310",".596"
"Emmanuel Rivera","","1B,3B","23","3","0","2","0",".238",".291","6","1","0","2","6",".341",".632"
"Edwin Arroyo","CIN","2B,SS","23","3","0","2","0",".239",".286","6","1","0","2","5",".348",".634"
"Michael Stefanic","ATH","2B","23","3","0","2","0",".259",".338","6","1","0","3","4",".342",".679"
"Nick Morabito","NYM","CF","20","2","0","2","1",".240",".304","5","1","0","2","6",".303",".607"
"Rhylan Thomas","SEA","LF,RF","20","2","0","2","1",".261",".302","5","1","0","1","2",".305",".607"
"Bryan Ramos","BAL","3B","30","3","1","3","0",".210",".269","6","1","0","2","8",".324",".593"
"Eguy Rosario","","3B","21","2","1","2","1",".212",".276","4","1","0","2","7",".360",".636"
"Ryan Noda","BAL","1B","29","4","1","3","0",".172",".313","5","1","0","6","13",".331",".644"
"Garrett Stubbs","PHI","C,DH","26","3","0","3","0",".215",".281","6","1","0","2","7",".298",".579"
"Victor Mesa Jr.","MIA","RF","18","2","1","2","0",".242",".289","4","1","0","1","4",".354",".643"
"Luca Tresh","KC","C","18","2","1","2","0",".205",".263","4","1","0","1","5",".345",".608"
"Carlos Rodriguez","SD","LF","31","3","0","2","1",".240",".315","7","1","0","3","4",".284",".599"
"Jesus Bastidas","MIA","SS","22","2","1","2","0",".213",".270","5","1","0","2","7",".344",".614"
"Sam Antonacci","CWS","2B,3B","17","2","0","2","1",".246",".315","4","1","0","2","4",".321",".635"
"Nicky Lopez","COL","3B","24","3","0","2","0",".249",".310","6","1","0","2","4",".301",".612"
"Patrick Wisdom","SEA","1B,3B,OF","17","2","1","3","0",".181",".247","3","1","0","1","7",".440",".686"
"David Villar","","1B","21","3","1","2","0",".212",".290","4","1","0","2","7",".348",".638"
"Stuart Fairchild","CLE","LF,CF,RF","24","3","0","2","1",".229",".292","5","1","0","2","7",".358",".649"
"Petey Halpin","CLE","CF","27","3","0","3","0",".213",".277","6","1","0","2","8",".309",".586"
"Tristan Peters","CWS","CF","31","3","0","3","0",".218",".292","7","1","0","3","7",".317",".609"
"Marco Luciano","NYY","2B,SS","19","2","1","2","0",".194",".299","4","1","0","3","7",".312",".610"
"Nick Gordon","KC","2B,LF,CF","23","2","1","2","0",".226",".264","5","1","0","1","6",".351",".615"
"Oliver Dunn","CWS","3B","18","2","0","2","1",".200",".268","4","1","0","2","6",".323",".591"
"Brian Navarreto","MIA","C","28","3","1","3","0",".186",".242","5","1","0","2","7",".280",".522"
"Alex Ramirez","","RF","22","2","0","2","1",".209",".270","5","1","0","2","6",".307",".577"
"Connor Kaiser","KC","2B,SS","29","3","1","2","1",".179",".281","5","1","0","4","10",".269",".549"
"Jon Singleton","","1B,DH","22","3","1","2","0",".198",".295","4","1","0","3","7",".344",".638"
"Jud Fabian","BAL","LF,CF","22","3","1","2","0",".183",".267","4","1","0","3","9",".316",".583"
"Justice Bigbie","DET","LF,RF","19","2","0","2","0",".239",".300","5","1","0","2","4",".342",".642"
"Mitch Haniger","","RF","20","2","1","2","0",".212",".279","4","1","0","2","7",".358",".637"
"Yunior Severino","MIN","1B,2B,3B","20","2","1","2","0",".214",".285","4","1","0","2","7",".357",".643"
"Bobby Dalbec","","1B,3B","20","2","1","2","0",".194",".261","4","1","0","2","9",".341",".601"
"Zach DeLoach","","LF,RF","22","3","0","2","0",".213",".285","5","1","0","2","8",".334",".619"
"Jorbit Vivas","NYY","2B,3B","22","3","0","2","0",".226",".307","5","1","0","3","4",".313",".619"
"Drew Romo","CWS","C","28","2","1","2","0",".225",".275","6","1","0","2","7",".335",".610"
"Taylor Young","LAD","2B","13","2","0","1","1",".205",".284","3","1","0","1","4",".280",".563"
"Kristian Robinson","ARI","CF,RF","16","2","0","2","0",".218",".293","4","0","0","2","6",".285",".578"
"Willie MacIver","TEX","C","20","2","0","2","0",".234",".295","5","1","0","2","6",".329",".623"
"Trey Lipscomb","WSH","3B","20","2","0","2","0",".230",".271","5","1","0","1","4",".289",".560"
"Nick Pratto","TEX","1B","21","2","1","2","0",".200",".273","4","1","0","2","8",".352",".625"
"Luke Ritter","","3B","21","2","1","2","0",".188",".264","4","1","0","2","8",".311",".575"
"Tucker Flint","LAA","RF","21","2","1","2","0",".195",".273","4","1","0","2","9",".329",".602"
"Michael Siani","LAD","CF","20","2","0","2","1",".195",".278","4","0","0","2","6",".269",".546"
"Jacob Hurtubise","MIL","LF","20","2","0","2","1",".214",".305","4","1","0","3","5",".299",".604"
"Matthew Batten","","1B","24","2","0","2","1",".201",".263","5","1","0","2","7",".292",".555"
"Jorge Alfaro","KC","C","17","2","0","2","0",".224",".244","4","1","0","0","6",".340",".584"
"Vimael Machin","COL","3B","17","2","0","2","0",".256",".316","4","1","0","1","3",".324",".640"
"Trei Cruz","DET","SS,LF,CF","17","2","0","2","0",".223",".319","4","1","0","2","5",".324",".643"
"Harold Ramirez","","LF,RF,DH","21","2","0","2","0",".255",".291","5","1","0","1","5",".357",".648"
"Jhonny Pereda","SEA","C","25","2","0","2","0",".232",".314","6","1","0","3","7",".321",".635"
"Niko Kavadas","LAA","1B,LF,RF","18","2","1","2","0",".191",".286","3","1","0","2","8",".333",".619"
"Nate Furman","SF","2B","15","2","0","1","0",".249",".321","4","0","0","2","3",".356",".678"
"Cristian Pache","NYM","LF,CF","18","2","0","2","0",".194",".265","4","1","0","2","6",".305",".570"
"Dominic Fletcher","PIT","CF,RF","18","2","0","2","0",".234",".278","4","1","0","1","4",".317",".595"
"Tyler Gentry","KC","RF","18","2","0","2","0",".221",".289","4","1","0","2","6",".352",".641"
"Nick Senzel","LAD","3B,LF,CF,RF","15","2","0","2","0",".212",".280","3","1","0","1","4",".330",".610"
"Ben Cowles","CHC","2B,3B,SS","15","2","0","2","0",".222",".276","3","1","0","1","4",".320",".597"
"Paul McIntosh","PHI","C","15","2","0","2","0",".209",".281","3","1","0","1","4",".335",".615"
"Matthew Wood","MIL","C","15","2","0","2","0",".203",".293","3","1","0","2","3",".313",".605"
"Jonathan Ornelas","NYY","3B,SS","19","2","0","2","0",".198",".260","4","1","0","2","6",".282",".542"
"Chuckie Robinson","LAD","C","19","2","0","2","0",".192",".245","4","1","0","1","6",".248",".493"
"Christian Franklin","WSH","LF,CF,RF","19","2","0","2","0",".231",".316","4","1","0","2","5",".305",".621"
"Tsung-Che Cheng","WSH","2B,3B,SS","19","2","0","2","0",".213",".280","4","1","0","2","5",".267",".547"
"Albert Almora Jr.","","LF,CF,RF","23","2","0","2","0",".231",".278","5","1","0","2","5",".330",".607"
"Josh Kasevich","TOR","3B,SS","23","2","0","2","0",".235",".289","5","1","0","2","4",".306",".595"
"Riley Tirotta","TOR","3B","13","2","0","1","0",".201",".276","3","1","0","1","5",".332",".608"
"Aramis Garcia","ARI","C","14","2","1","1","0",".163",".249","2","1","0","2","5",".318",".568"
"Gage Workman","DET","3B,SS,LF,CF,RF","16","2","0","2","0",".202",".267","3","1","0","1","6",".330",".597"
"Brandon Valenzuela","TOR","C,1B","16","2","0","2","0",".196",".260","3","1","0","1","4",".290",".550"
"Cavan Biggio","","1B,2B,RF","20","2","0","2","0",".209",".298","4","1","0","3","7",".315",".613"
"Tomas Nido","DET","C","20","2","0","2","0",".219",".262","4","0","0","1","5",".266",".528"
"P.J. Higgins","CIN","C,1B","20","2","0","2","0",".221",".271","4","1","0","1","6",".322",".593"
"Alan Trejo","TEX","2B,SS","20","2","0","2","0",".214",".260","4","1","0","1","6",".338",".598"
"Hayden Senger","NYM","C","20","2","0","2","0",".189",".243","4","0","0","1","6",".262",".505"
"Austin Barnes","NYM","C","24","2","0","2","0",".206",".272","5","1","0","2","6",".258",".530"
"Billy McKinney","","LF,RF","16","1","1","1","0",".173",".259","3","1","0","2","5",".326",".586"
"Maverick Handley","BAL","C","14","2","0","1","0",".195",".289","3","0","0","2","4",".254",".543"
"Jadher Areinamo","TB","2B,3B,SS","14","2","0","1","0",".247",".290","3","1","0","1","2",".358",".648"
"Shane McGuire","ATH","C","14","2","0","1","0",".205",".280","3","0","0","2","4",".260",".540"
"Brett Sullivan","COL","C","15","2","0","1","0",".233",".287","3","1","0","1","3",".339",".626"
"Vinny Capra","BOS","3B,SS","9","1","0","1","0",".227",".305","2","0","0","1","2",".279",".585"
"Kellen Strahm","HOU","CF","9","1","0","1","0",".200",".290","2","0","0","1","3",".262",".552"
"Collin Price","HOU","C","9","1","0","1","0",".184",".266","2","0","0","1","3",".284",".550"
"Sebastian Rivero","LAA","C","13","1","0","1","0",".204",".232","3","0","0","0","3",".277",".509"
"Jose Herrera","TEX","C","12","2","0","1","0",".200",".289","2","0","0","1","3",".271",".560"
"Jack Winkler","MIA","2B,3B,SS","17","1","0","1","1",".195",".252","3","1","0","1","5",".245",".497"
"Dom Nunez","CLE","C","10","1","0","1","0",".167",".277","2","0","0","2","4",".259",".537"
"Jose Barrero","BAL","SS,CF","10","1","0","1","0",".189",".225","2","0","0","0","4",".283",".508"
"Eliezer Alfonzo","LAD","C","10","1","0","1","0",".210",".241","2","0","0","0","1",".288",".529"
"Rodolfo Duran","SD","C","11","1","0","1","0",".214",".251","2","0","0","1","3",".313",".564"
"Nick Raposo","SEA","C","11","1","0","1","0",".186",".232","2","0","0","1","3",".313",".544"
"Eric Haase","SF","C","15","1","0","1","0",".229",".284","3","0","0","1","5",".272",".556"
"Jason Delay","BOS","C","15","1","0","1","0",".195",".237","3","1","0","1","3",".254",".491"
"Blake Hunt","SD","C","15","1","0","1","0",".200",".258","3","1","0","1","4",".335",".592"
"Davis Wendzel","PIT","3B","12","1","0","1","0",".203",".277","2","0","0","1","3",".291",".568"
""
""