"Player","Team","Positions","IP","K","W","SV","ERA","WHIP","ER","H","BB","HR","G","GS","L","CG"
"Shohei Ohtani","LAD","SP,DH","114.5","138","8","0","3.36","1.10","43","89","38","14","23","23","5","1"
"Tarik Skubal","DET","SP","195.1","238","14","0","2.72","0.96","59","148","40","19","31","31","7","1"
"Paul Skenes","PIT","SP","186.9","222","14","0","2.77","1.03","57","145","48","16","31","31","7","1"
"Garrett Crochet","BOS","SP","186.2","229","14","0","2.99","1.06","62","150","47","20","31","31","7","1"
"Cristopher Sanchez","PHI","SP","193.2","188","13","0","3.19","1.14","68","173","47","17","31","31","8","1"
"Yoshinobu Yamamoto","LAD","SP","157.7","172","12","0","3.27","1.11","57","127","47","16","27","27","6","0"
"Hunter Brown","HOU","SP","180.5","195","13","0","3.43","1.17","69","153","59","19","31","31","8","1"
"Chris Sale","ATL","SP","157.6","192","11","0","3.24","1.10","57","130","42","17","27","27","6","0"
"Logan Gilbert","SEA","SP","166.2","185","11","0","3.42","1.06","63","137","39","21","29","29","7","1"
"Logan Webb","SF","SP","198.0","188","14","0","3.26","1.17","72","186","45","16","32","32","9","1"
"Jacob deGrom","TEX","SP","160.3","177","11","0","3.47","1.06","62","131","38","22","28","28","8","0"
"Bryan Woo","SEA","SP","186.6","188","13","0","3.40","1.05","70","157","40","24","31","31","9","0"
"Hunter Greene","CIN","SP","169.2","203","11","0","3.68","1.11","69","133","55","24","29","29","8","1"
"Cole Ragans","KC","SP","155.8","193","10","0","3.39","1.14","59","123","55","17","28","28","7","0"
"Max Fried","NYY","SP","182.6","172","13","0","3.31","1.16","67","159","53","17","30","30","8","1"
"Freddy Peralta","NYM","SP","166.0","184","12","0","3.79","1.20","70","137","62","22","30","30","8","0"
"Joe Ryan","MIN","SP","169.8","186","11","0","3.78","1.10","71","147","40","25","29","29","9","0"
"George Kirby","SEA","SP","172.0","168","12","0","3.59","1.11","69","157","33","21","30","30","9","0"
"Dylan Cease","TOR","SP","176.3","208","11","0","3.74","1.21","73","146","67","21","31","31","9","0"
"Blake Snell","LAD","SP","140.7","174","10","0","3.46","1.21","54","109","61","15","26","26","6","0"
"Spencer Schwellenbach","ATL","SP","160.6","158","11","0","3.53","1.11","63","145","34","19","27","27","7","1"
"Jesus Luzardo","PHI","SP","175.2","196","12","0","3.71","1.18","72","152","55","22","31","31","9","0"
"Framber Valdez","DET","SP","183.7","173","13","0","3.49","1.23","71","164","61","16","30","30","9","2"
"Kyle Bradish","BAL","SP","145.5","155","9","0","3.57","1.18","58","125","46","16","27","27","7","0"
"Nick Pivetta","SD","SP","176.3","191","11","0","3.91","1.16","77","151","53","27","30","30","10","0"
"Mason Miller","SD","RP","67.0","105","4","33","2.58","0.98","19","40","25","6","63","0","2","0"
"Pablo Lopez","MIN","SP","164.7","165","11","0","3.82","1.19","70","154","42","20","28","28","9","0"
"Nolan McLean","NYM","SP","149.2","143","10","0","3.83","1.28","64","133","59","16","26","26","8","0"
"Andres Munoz","SEA","RP","64.0","81","4","32","2.88","1.11","20","46","25","5","63","0","3","0"
"Tyler Glasnow","LAD","SP","132.0","154","9","0","3.69","1.17","54","106","48","16","24","24","6","0"
"Edwin Diaz","LAD","RP","67.6","94","5","37","3.05","1.06","23","48","23","7","66","0","2","0"
"Spencer Strider","ATL","SP","155.2","184","11","0","3.95","1.21","68","133","54","21","28","28","8","0"
"Kevin Gausman","TOR","SP","181.0","177","12","0","3.95","1.21","79","166","53","24","31","31","9","1"
"Sonny Gray","BOS","SP","172.0","180","11","0","3.73","1.19","71","159","45","21","30","30","9","0"
"Eury Perez","MIA","SP","140.7","154","8","0","3.96","1.18","62","118","48","20","27","27","8","0"
"Jhoan Duran","PHI","RP","68.5","80","5","32","2.86","1.11","22","55","21","5","68","0","3","0"
"Brandon Woodruff","MIL","SP","146.3","154","10","0","3.77","1.13","61","125","40","21","27","27","7","0"
"Cade Smith","CLE","RP","71.1","92","5","31","2.93","1.06","23","55","21","6","70","0","3","0"
"Luis Castillo","SEA","SP","178.0","166","11","0","3.88","1.20","77","162","51","24","31","31","9","0"
"Trey Yesavage","TOR","SP","131.0","150","7","0","3.85","1.25","56","107","57","16","30","24","6","0"
"Sandy Alcantara","MIA","SP","178.4","147","10","0","4.17","1.27","83","173","53","21","30","30","11","1"
"Nathan Eovaldi","TEX","SP","163.4","156","11","0","3.58","1.14","65","145","41","19","27","27","8","1"
"Cam Schlittler","NYY","SP","126.9","128","8","0","4.01","1.29","57","113","50","16","24","24","7","0"
"Shane Bieber","TOR","SP","134.1","123","8","0","3.84","1.19","57","127","33","18","24","24","7","0"
"Robbie Ray","SF","SP","170.5","175","10","0","4.20","1.28","80","152","66","25","30","30","10","1"
"Jacob Misiorowski","MIL","SP","141.5","164","8","0","3.91","1.27","62","114","66","17","34","25","7","0"
"Michael King","SD","SP","163.3","170","10","0","3.82","1.24","69","144","58","21","30","30","9","1"
"Nick Lodolo","CIN","SP","150.3","151","9","0","4.03","1.19","67","139","40","21","28","28","8","1"
"Ryan Pepiot","TB","SP","166.9","169","10","0","4.13","1.23","77","146","59","25","31","31","10","0"
"David Bednar","NYY","RP","65.1","79","4","32","3.29","1.12","24","51","22","7","65","0","3","0"
"Gavin Williams","CLE","SP","165.8","168","10","0","3.96","1.30","73","145","71","21","30","30","9","0"
"Josh Hader","HOU","RP","65.1","91","4","33","3.24","1.07","23","45","24","8","62","0","3","0"
"Zack Wheeler","PHI","SP","125.8","143","9","0","3.27","1.07","46","101","33","15","21","21","5","0"
"Ranger Suarez","BOS","SP","166.8","148","11","0","3.66","1.24","68","160","48","17","28","28","8","0"
"Aroldis Chapman","BOS","RP","61.0","85","4","32","3.03","1.15","21","43","27","5","62","0","3","0"
"Trevor Rogers","BAL","SP","161.2","138","10","0","4.06","1.28","73","154","53","19","28","28","9","1"
"Chase Burns","CIN","SP,RP","127.1","152","8","0","3.67","1.16","52","108","39","17","28","24","7","1"
"MacKenzie Gore","TEX","SP","161.8","183","10","0","3.87","1.25","70","141","61","20","29","29","9","0"
"Bubba Chandler","PIT","SP","145.7","138","8","0","4.21","1.32","68","136","56","18","33","26","8","0"
"Emmet Sheehan","LAD","SP","136.2","158","8","0","3.84","1.16","58","111","46","19","35","24","6","0"
"Tanner Bibee","CLE","SP","178.9","167","11","0","3.94","1.22","78","165","53","24","31","31","10","1"
"Shota Imanaga","CHC","SP","152.8","138","9","0","4.09","1.16","69","143","34","27","27","27","8","0"
"Carlos Rodon","NYY","SP","149.0","156","10","0","3.99","1.21","66","127","54","21","26","26","8","0"
"Drew Rasmussen","TB","SP","158.7","142","10","0","3.65","1.17","64","144","42","19","30","30","8","0"
"Jack Flaherty","DET","SP","161.4","177","10","0","4.00","1.24","72","144","56","22","29","29","9","0"
"Devin Williams","NYM","RP","65.5","88","4","31","3.21","1.14","23","47","28","6","66","0","3","0"
"Cade Horton","CHC","SP","129.1","113","8","0","4.06","1.25","58","118","43","17","24","24","7","0"
"Aaron Nola","PHI","SP","168.6","165","10","0","4.14","1.22","78","160","45","25","29","29","9","0"
"Edward Cabrera","CHC","SP","137.0","147","9","0","3.90","1.24","59","116","54","16","26","26","7","0"
"Matthew Boyd","CHC","SP","161.3","145","10","0","3.92","1.21","70","149","46","21","29","29","9","0"
"Zac Gallen","","SP","179.2","170","12","0","4.13","1.27","82","169","59","24","31","31","10","0"
"Carlos Estevez","KC","RP","66.1","59","4","32","4.20","1.27","31","60","24","9","65","0","4","0"
"Merrill Kelly","ARI","SP","176.1","156","11","0","4.06","1.26","79","168","53","23","30","30","9","0"
"Shane Baz","BAL","SP","159.0","155","10","0","4.20","1.28","74","146","57","22","29","29","9","0"
"Raisel Iglesias","ATL","RP","67.2","72","4","27","3.62","1.13","27","58","18","8","66","0","3","0"
"Andrew Abbott","CIN","SP","166.0","151","10","0","4.18","1.26","77","157","52","26","29","29","9","1"
"Shane McClanahan","TB","SP","130.5","138","8","0","3.66","1.18","53","114","40","17","23","23","7","0"
"Jeff Hoffman","TOR","RP","63.9","76","4","26","3.68","1.17","26","52","23","9","64","0","3","0"
"Connelly Early","BOS","SP","53.8","56","3","0","3.72","1.26","22","47","21","5","23","7","3","0"
"Pete Fairbanks","MIA","RP","62.8","64","4","27","3.54","1.21","25","54","22","6","61","0","3","0"
"Trevor Megill","MIL","RP","65.0","80","4","17","3.45","1.18","25","53","23","7","63","0","3","0"
"Daniel Palencia","CHC","RP","66.6","76","4","28","3.70","1.25","27","55","28","7","64","0","3","0"
"Ryan Helsley","BAL","RP","64.7","74","4","27","3.55","1.22","26","55","24","7","63","0","3","0"
"Kris Bubic","KC","SP","138.8","135","9","0","3.72","1.25","57","128","46","14","30","24","7","0"
"Bryce Miller","SEA","SP","143.3","127","9","0","4.16","1.21","66","132","42","21","26","26","8","0"
"Emilio Pagan","CIN","RP","66.9","73","3","27","3.96","1.18","29","56","23","10","66","0","3","0"
"Kenley Jansen","DET","RP","59.8","60","4","24","3.92","1.20","26","50","21","8","59","0","3","0"
"Casey Mize","DET","SP","153.1","133","9","0","4.10","1.26","70","150","42","20","29","29","9","0"
"Roki Sasaki","LAD","SP","119.7","117","7","0","4.22","1.31","56","109","48","15","35","19","6","1"
"Ryne Nelson","ARI","SP,RP","160.3","131","9","0","4.20","1.26","75","158","44","21","29","29","8","0"
"Noah Cameron","KC","SP","146.0","124","8","0","4.19","1.30","68","141","48","20","27","27","8","0"
"Shane Smith","CWS","SP","159.5","150","8","0","4.28","1.29","76","145","60","21","29","29","10","0"
"Hurston Waldrep","ATL","SP","139.1","122","9","0","4.46","1.43","69","135","63","16","26","26","8","0"
"Joe Musgrove","SD","SP","148.9","141","9","0","3.92","1.20","65","140","39","20","27","27","8","0"
"Dennis Santana","PIT","RP","68.9","64","4","24","3.94","1.26","30","63","24","7","68","0","3","0"
"David Peterson","NYM","SP","163.4","146","10","0","3.92","1.34","71","157","62","16","29","29","8","1"
"Jose Soriano","LAA","SP","169.8","155","10","0","3.82","1.33","72","154","72","14","31","31","9","0"
"Gerrit Cole","NYY","SP","121.2","122","8","0","3.85","1.17","52","107","35","17","21","21","6","1"
"Reese Olson","DET","SP","131.8","123","8","0","3.89","1.24","57","120","44","15","29","24","7","0"
"Sean Manaea","NYM","SP,RP","127.9","132","8","0","4.15","1.21","59","114","41","18","34","22","7","0"
"Brady Singer","CIN","SP","169.6","157","10","0","4.33","1.29","82","165","55","24","31","31","11","0"
"Ryan Walker","SF","RP","64.1","68","4","27","3.41","1.19","24","56","20","6","63","0","3","0"
"Quinn Priester","MIL","SP,RP","163.2","135","10","0","4.11","1.30","75","158","54","19","29","29","9","0"
"Yusei Kikuchi","LAA","SP","168.9","169","9","0","4.27","1.32","80","162","60","25","31","31","10","0"
"Tatsuya Imai","HOU","SP","146.4","148","8","0","4.31","1.33","70","131","64","19","26","26","8","3"
"Michael Wacha","KC","SP","167.4","129","10","0","4.28","1.28","80","166","49","22","29","29","10","0"
"Logan Henderson","MIL","SP","127.1","128","7","0","4.16","1.21","59","115","40","20","34","22","7","0"
"Mitch Keller","PIT","SP","175.5","152","10","0","4.30","1.29","84","174","53","22","31","31","11","0"
"Jack Leiter","TEX","SP","151.5","146","9","0","4.33","1.31","73","136","62","21","28","28","9","0"
"Abner Uribe","MIL","RP","72.3","85","4","18","3.06","1.20","25","55","32","5","73","0","3","0"
"Brandon Pfaadt","ARI","SP","171.4","150","10","0","4.39","1.26","84","176","41","24","31","31","10","0"
"Robert Suarez","ATL","RP","67.9","70","4","9","3.58","1.17","27","59","21","8","67","0","3","0"
"Kodai Senga","NYM","SP","114.6","115","7","0","3.96","1.31","50","100","50","14","28","20","6","0"
"Grayson Rodriguez","LAA","SP","121.1","129","7","0","3.93","1.24","53","110","40","16","22","22","7","0"
"Griffin Jax","TB","RP","68.6","86","4","15","3.06","1.10","23","56","19","7","68","0","3","0"
"Brayan Bello","BOS","SP","157.9","129","10","0","4.25","1.34","75","157","56","18","28","28","9","0"
"Zach Eflin","BAL","SP","143.2","110","9","0","4.36","1.24","69","149","29","22","26","26","8","0"
"Clay Holmes","NYM","SP","151.2","122","10","0","3.95","1.34","66","146","58","14","28","28","8","0"
"Parker Messick","CLE","SP","119.4","111","7","0","4.07","1.30","54","114","41","15","23","22","7","0"
"Chris Bassitt","","SP","159.8","145","10","0","4.21","1.32","75","156","56","21","29","29","9","1"
"Ryan Weathers","NYY","SP","122.0","115","7","0","4.11","1.27","56","112","43","17","33","21","7","0"
"Cade Cavalli","WSH","SP","137.3","116","7","0","4.27","1.34","65","135","49","16","26","26","9","0"
"Reid Detmers","LAA","RP","138.9","154","8","0","4.18","1.27","64","125","51","19","31","24","8","0"
"Luis Severino","ATH","SP","175.3","139","9","0","4.60","1.34","90","177","57","24","30","30","11","0"
"Seth Lugo","KC","SP","162.2","135","9","0","4.39","1.32","79","161","53","23","28","28","9","0"
"Edwin Uceta","TB","RP","72.0","86","4","13","3.78","1.20","30","60","27","10","68","0","4","0"
"Will Warren","NYY","SP","124.7","122","7","0","4.32","1.31","60","119","45","17","36","21","7","0"
"Jose Berrios","TOR","SP","134.0","112","7","0","4.40","1.30","66","132","42","20","38","20","7","0"
"Jameson Taillon","CHC","SP","154.8","119","9","0","4.46","1.24","77","155","38","25","27","27","9","0"
"Bryan Abreu","HOU","RP","68.9","91","4","4","3.16","1.18","24","52","29","7","68","0","3","0"
"Joey Cantillo","CLE","SP,RP","132.9","140","7","0","3.88","1.31","57","116","57","16","42","21","7","0"
"Grant Taylor","CWS","RP","76.6","91","4","5","3.31","1.19","28","62","29","6","70","1","4","0"
"Reynaldo Lopez","ATL","SP","120.8","122","7","0","3.92","1.26","53","110","42","15","31","21","6","0"
"Will Vest","DET","RP","68.1","69","4","7","3.38","1.20","26","60","21","6","66","0","3","0"
"Braxton Ashcraft","PIT","SP,RP","131.3","118","7","0","3.91","1.29","57","128","41","14","37","22","7","0"
"Eduardo Rodriguez","ARI","SP","140.0","123","8","0","4.42","1.37","69","141","50","19","26","26","9","0"
"Troy Melton","DET","SP,RP","107.8","95","5","0","4.26","1.28","51","104","35","15","35","17","6","0"
"Tyler Mahle","SF","SP","130.7","106","8","0","4.12","1.28","60","127","41","16","25","25","8","0"
"Payton Tolle","BOS","SP,RP","54.9","58","3","0","4.04","1.25","25","49","19","8","30","5","3","0"
"Jeffrey Springs","ATH","SP","166.8","141","9","0","4.61","1.31","85","166","53","28","31","31","11","0"
"Seranthony Dominguez","CWS","RP","63.3","72","3","15","3.93","1.30","28","53","29","8","65","0","4","0"
"Robert Garcia","TEX","RP","63.9","69","4","19","3.64","1.23","26","56","23","7","65","0","3","0"
"Riley O'Brien","STL","RP","63.8","65","3","16","3.68","1.31","26","55","28","5","62","0","3","0"
"Jonah Tong","NYM","SP","31.9","37","2","0","3.58","1.24","13","26","14","3","12","5","2","0"
"Cody Ponce","TOR","SP,RP","141.3","144","8","0","4.12","1.25","65","131","46","19","35","23","8","0"
"Tanner Scott","LAD","RP","65.0","73","4","4","3.53","1.22","25","54","25","7","63","0","3","0"
"Ian Seymour","TB","SP,RP","110.7","106","6","0","4.14","1.24","51","103","34","16","31","18","6","0"
"Zebby Matthews","MIN","SP","119.2","117","7","0","4.09","1.23","54","117","30","17","33","20","6","0"
"Robert Stephenson","LAA","RP","57.9","65","3","12","4.00","1.19","26","50","19","9","55","0","3","0"
"Bailey Ober","MIN","SP","142.4","129","8","0","4.35","1.20","69","138","34","24","31","24","8","1"
"Michael McGreevy","STL","SP","142.6","98","8","0","4.13","1.28","65","148","35","16","29","24","8","0"
"Lucas Giolito","","SP","151.6","136","8","0","4.70","1.37","79","149","59","24","28","28","10","0"
"Chad Patrick","MIL","SP","136.5","128","8","0","4.33","1.28","66","129","45","21","26","26","8","0"
"Matthew Liberatore","STL","SP","145.9","119","8","0","4.39","1.31","71","146","46","19","28","28","10","0"
"Mike Burrows","HOU","SP,RP","129.1","128","7","0","4.13","1.26","59","118","44","19","30","24","7","0"
"Jacob Lopez","ATH","SP","128.1","134","7","0","4.30","1.29","61","114","51","19","24","24","8","0"
"Justin Steele","CHC","SP","84.2","80","6","0","3.63","1.18","34","77","23","9","16","16","4","0"
"Robby Snelling","MIA","SP","101.4","89","6","0","4.15","1.34","47","99","36","12","19","19","6","0"
"Kirby Yates","LAA","RP","56.4","67","3","9","3.98","1.28","25","46","26","8","55","0","3","0"
"Andrew Painter","PHI","SP","114.1","100","6","0","4.68","1.38","59","116","42","18","28","21","7","0"
"Landen Roupp","SF","SP","122.6","114","7","0","4.09","1.34","56","116","48","13","29","23","7","0"
"Dean Kremer","BAL","SP","154.0","130","9","0","4.46","1.30","76","152","48","23","28","28","9","0"
"Cristian Javier","HOU","SP","143.1","130","8","0","4.73","1.34","75","131","60","23","27","27","9","0"
"Kyle Finnegan","DET","RP","64.1","61","4","4","3.84","1.27","27","59","23","7","63","0","4","0"
"Luis Gil","NYY","SP","101.4","100","5","0","4.38","1.34","49","87","49","14","38","14","5","0"
"Clayton Beeter","WSH","RP","63.4","74","3","13","3.86","1.34","27","51","34","6","58","0","3","0"
"Slade Cecconi","CLE","SP","150.0","125","8","0","4.47","1.26","74","150","39","24","28","28","10","0"
"Zack Littell","","SP","167.7","128","9","0","4.57","1.26","85","175","35","28","30","30","10","0"
"Dustin May","STL","SP","140.4","125","7","0","4.28","1.30","67","131","52","17","31","24","9","0"
"Victor Vodnik","COL","RP","64.9","61","3","18","4.26","1.45","31","64","31","7","62","0","4","0"
"Jeremiah Estrada","SD","RP","71.0","97","4","2","3.35","1.15","26","54","28","9","70","0","3","0"
"Andrew Saalfrank","ARI","RP","61.4","54","4","13","3.99","1.42","27","58","29","6","58","0","3","0"
"Luis Morales","ATH","SP","112.2","99","6","0","4.65","1.37","58","107","47","18","21","21","7","0"
"Jordan Wicks","CHC","SP,RP","45.0","41","2","0","4.04","1.29","20","43","15","5","27","3","2","0"
"Jordan Leasure","CWS","RP","65.7","74","3","8","4.21","1.30","31","56","29","10","66","0","4","0"
"Simeon Woods Richardson","MIN","SP","120.7","109","6","0","4.46","1.33","60","115","45","17","31","22","7","0"
"Tony Santillan","CIN","RP","70.1","74","3","4","4.21","1.33","33","62","31","9","71","0","3","0"
"JoJo Romero","STL","RP","64.5","60","4","12","3.62","1.29","26","58","25","6","65","0","3","0"
"Spencer Arrighetti","HOU","SP","89.9","90","5","0","4.58","1.37","46","83","40","14","26","15","6","0"
"Jared Jones","PIT","SP","91.5","93","5","0","3.97","1.24","40","83","31","12","16","16","5","0"
"Jacob Latz","TEX","SP,RP","105.9","101","4","0","4.39","1.39","52","96","52","14","39","14","5","0"
"Max Meyer","MIA","SP","127.5","116","6","0","4.32","1.32","61","126","42","17","29","23","8","0"
"Michael Soroka","ARI","SP,RP","131.3","128","7","0","4.22","1.28","61","119","48","17","38","22","7","0"
"Luke Weaver","NYM","RP","68.3","74","4","5","3.94","1.20","30","60","22","10","62","0","3","0"
"Garrett Cleavinger","TB","RP","65.5","81","4","7","3.45","1.18","25","52","25","8","67","0","3","0"
"Kumar Rocker","TEX","SP","104.3","93","6","0","4.21","1.29","49","101","34","14","28","19","7","0"
"Camilo Doval","NYY","RP","65.0","74","4","4","3.62","1.28","26","53","31","6","64","0","3","0"
"Calvin Faucher","MIA","RP","65.9","65","3","5","4.05","1.36","30","62","28","7","65","0","4","0"
"Adrian Houser","SF","SP","141.8","101","8","0","4.35","1.37","69","147","47","16","26","26","9","0"
"Jose A. Ferrer","SEA","RP","69.7","66","4","2","3.19","1.17","25","61","20","5","68","0","3","0"
"Taj Bradley","MIN","SP","122.2","117","6","0","4.28","1.28","58","114","43","17","36","19","7","0"
"Matt Brash","SEA","RP","62.1","74","3","3","3.17","1.21","22","51","24","5","63","0","3","0"
"Javier Assad","CHC","SP","65.1","53","3","0","4.13","1.34","30","62","24","8","43","4","3","0"
"Garrett Whitlock","BOS","RP","69.2","77","4","3","3.33","1.15","26","59","20","7","64","0","3","0"
"Tyler Wells","BAL","SP","91.4","80","5","0","4.37","1.20","44","86","24","16","38","11","5","0"
"Phil Maton","CHC","RP","65.5","72","4","5","3.66","1.21","27","54","25","7","65","0","3","0"
"Davis Martin","CWS","SP","146.6","112","7","0","4.61","1.36","75","149","51","21","28","28","10","0"
"Ben Brown","CHC","SP,RP","53.9","59","3","0","3.89","1.21","23","48","17","7","35","2","3","0"
"Adrian Morejon","SD","RP","69.2","69","5","3","3.33","1.18","26","60","22","6","69","0","4","0"
"Brandon Sproat","MIL","SP","78.5","67","4","0","4.23","1.33","37","74","30","9","27","12","4","0"
"Colin Rea","CHC","SP,RP","79.0","63","4","0","4.47","1.31","39","80","23","12","35","8","4","0"
"Patrick Sandoval","BOS","SP","72.0","66","4","0","4.19","1.39","34","69","31","7","31","10","4","0"
"Ben Joyce","LAA","RP","35.9","41","2","4","3.68","1.27","15","29","16","3","35","0","2","0"
"Tyler Rogers","TOR","RP","72.5","50","4","2","3.65","1.21","29","72","16","7","73","0","3","0"
"Kyle Freeland","COL","SP","170.4","124","8","0","5.06","1.42","96","196","46","28","31","31","12","0"
"Justin Verlander","","SP","134.0","113","8","0","4.43","1.32","66","132","44","19","25","25","8","0"
"Thomas White","MIA","SP","50.7","53","3","0","4.23","1.40","24","46","25","6","10","10","3","0"
"Alexis Diaz","TEX","RP","57.1","57","3","2","4.70","1.38","30","49","29","8","55","0","3","0"
"Gregory Soto","PIT","RP","61.8","66","3","3","3.81","1.30","26","55","25","5","64","0","3","0"
"Andre Pallante","STL","SP","144.2","100","8","0","4.34","1.41","70","147","56","14","27","26","9","0"
"Nick Martinez","","SP,RP","148.4","112","9","0","4.39","1.29","72","151","41","20","27","27","9","0"
"Lance McCullers Jr.","HOU","SP","104.5","100","6","0","4.55","1.43","53","98","52","13","27","19","6","0"
"Joe Boyle","TB","SP,RP","100.6","110","5","0","4.19","1.36","47","83","54","12","25","18","6","0"
"JP Sears","SD","SP","132.5","112","7","0","4.64","1.27","68","130","38","24","28","24","8","0"
"Matt Svanson","STL","RP","65.9","62","3","4","3.70","1.29","27","60","25","6","60","0","3","0"
"Shawn Armstrong","CLE","RP","69.4","69","3","3","3.78","1.20","29","62","21","8","68","0","3","0"
"Braxton Garrett","MIA","SP","124.5","111","6","0","3.97","1.22","55","122","30","15","30","22","7","1"
"Jordan Romano","LAA","RP","56.7","61","3","4","4.36","1.29","27","52","22","8","58","0","3","0"
"Max Scherzer","","SP","119.4","114","7","0","4.45","1.24","59","114","35","21","23","23","7","0"
"Christian Scott","NYM","SP","39.2","37","2","0","4.05","1.21","18","36","11","5","24","3","2","0"
"Matt Strahm","KC","RP","65.8","72","4","1","3.50","1.13","26","55","19","8","64","0","3","0"
"Grant Holmes","ATL","SP","90.4","91","5","0","4.21","1.33","42","85","35","12","29","13","4","0"
"Sean Burke","CWS","SP,RP","145.4","136","7","0","4.76","1.39","77","139","64","23","27","27","10","0"
"Mick Abel","MIN","SP","88.5","82","4","0","4.56","1.41","45","84","40","11","34","13","5","0"
"Miles Mikolas","","SP","140.7","94","8","0","4.86","1.33","76","155","32","24","27","27","10","0"
"Kevin Ginkel","ARI","RP","62.8","65","3","5","3.86","1.29","27","57","24","6","60","0","3","0"
"Brad Keller","PHI","RP","67.7","62","4","2","4.03","1.33","30","63","27","7","63","0","4","0"
"Patrick Corbin","","SP","138.8","111","7","0","4.88","1.41","75","149","47","21","26","26","10","0"
"Johan Oviedo","BOS","SP","105.9","102","6","0","4.26","1.32","50","95","45","14","41","15","5","0"
"Aaron Civale","","SP,RP","124.0","107","7","0","4.56","1.30","63","122","39","19","24","23","8","0"
"Andrew Kittredge","BAL","RP","67.3","67","4","5","3.69","1.19","28","62","18","9","66","0","3","0"
"Quinn Mathews","STL","SP","45.4","41","2","0","4.57","1.53","23","42","28","5","9","9","3","0"
"Jose Quintana","","SP","130.6","94","8","0","4.63","1.42","67","135","51","17","24","24","8","0"
"Kyle Leahy","STL","RP","117.4","96","5","0","4.29","1.35","56","117","42","14","43","16","6","0"
"Jake Irvin","WSH","SP","152.3","111","7","0","4.86","1.36","82","157","50","25","32","26","10","0"
"Griffin Canning","","SP","129.4","113","8","0","4.56","1.37","66","128","49","19","25","24","8","0"
"Louis Varland","TOR","RP","67.6","67","4","2","3.73","1.22","28","63","20","8","63","0","3","0"
"Brad Lord","WSH","SP,RP","135.0","104","7","0","4.43","1.35","66","136","47","17","32","24","8","0"
"Martin Perez","ATL","SP","59.7","46","3","0","4.69","1.43","31","63","22","8","11","11","4","0"
"Marcus Stroman","","SP","122.6","87","7","0","4.74","1.45","65","129","48","15","23","23","8","0"
"A.J. Minter","NYM","RP","55.6","62","4","2","3.41","1.17","21","46","19","6","52","0","3","0"
"Kutter Crawford","BOS","SP","79.3","75","4","0","4.26","1.21","38","73","23","12","44","6","4","0"
"Randy Vasquez","SD","SP","137.6","91","7","0","4.91","1.42","75","145","50","20","27","27","9","0"
"Lucas Erceg","KC","RP","63.5","60","4","3","3.72","1.28","26","58","24","6","62","0","4","0"
"Corbin Burnes","ARI","SP","43.3","41","3","0","3.68","1.20","18","39","14","5","7","7","2","0"
"Cristian Mena","ARI","SP,RP","31.3","29","2","0","4.13","1.35","14","30","12","4","17","3","2","0"
"Anthony Kay","CWS","SP,RP","133.3","109","6","0","4.57","1.40","68","133","54","19","24","24","9","1"
"Joe Jimenez","ATL","RP","43.4","50","2","0","3.77","1.20","18","37","15","5","43","0","2","0"
"Eric Lauer","TOR","SP,RP","57.0","54","3","0","4.26","1.26","27","54","18","9","40","2","3","0"
"Cade Povich","BAL","SP","45.8","44","2","0","4.22","1.31","21","44","16","6","17","7","2","0"
"Jason Alexander","HOU","SP,RP","52.9","41","3","0","4.55","1.38","27","55","18","7","27","6","3","0"
"Cole Sands","MIN","SP,RP","68.4","66","4","3","3.97","1.23","30","64","20","8","66","0","4","0"
"German Marquez","","SP","126.4","92","6","0","5.20","1.45","73","139","44","20","24","24","10","0"
"Mitch Farris","LAA","SP","31.6","29","1","0","4.96","1.47","17","31","15","5","6","6","2","0"
"Tomoyuki Sugano","","SP","139.3","92","8","0","4.83","1.35","75","155","34","24","26","26","10","1"
"Tyler Anderson","","SP","138.6","107","7","0","4.94","1.42","76","141","56","23","25","25","9","0"
"Hunter Harvey","CHC","RP","51.1","55","3","4","3.40","1.13","19","43","15","5","50","0","2","0"
"Jon Gray","","RP","78.6","68","5","0","4.55","1.32","40","78","26","12","15","15","5","0"
"Robert Gasser","MIL","SP","89.6","84","5","0","4.02","1.24","40","83","28","12","37","12","5","0"
"Elmer Rodriguez","NYY","SP","9.8","9","1","0","4.23","1.32","5","9","4","1","10","0","1","0"
"Rhett Lowder","CIN","SP","73.6","58","3","0","4.48","1.34","37","75","24","10","26","11","4","0"
"Aaron Ashby","MIL","RP","66.0","68","3","0","3.71","1.36","27","58","32","5","57","0","3","0"
"Gabe Speier","SEA","RP","58.5","69","3","0","3.32","1.10","22","47","17","7","62","0","3","0"
"Felix Bautista","BAL","RP","12.2","16","1","0","3.23","1.17","4","9","6","1","12","0","1","0"
"Cole Winn","TEX","RP","63.5","54","3","4","4.33","1.38","31","58","30","8","57","0","3","0"
"Trevor McDonald","SF","SP,RP","61.4","48","3","0","4.39","1.37","30","62","22","7","20","9","4","0"
"J.T. Ginn","ATH","SP,RP","89.5","83","4","0","4.28","1.33","43","87","32","12","27","15","5","0"
"Ryan Bergert","KC","SP","65.3","54","3","0","4.69","1.40","34","65","27","9","26","9","3","0"
"Josiah Gray","WSH","SP","111.7","95","5","0","4.94","1.41","61","110","47","19","21","21","8","0"
"Justin Sterner","ATH","RP","66.5","67","3","7","4.26","1.27","31","60","24","10","63","0","3","0"
"Sawyer Gipson-Long","DET","SP,RP","50.6","46","2","0","4.14","1.23","23","48","14","7","32","4","3","0"
"Seth Halvorsen","COL","RP","61.1","56","3","6","4.65","1.47","32","62","28","8","59","0","4","0"
"Justin Wrobleski","LAD","RP","54.3","50","3","0","4.21","1.30","25","52","19","7","34","3","2","0"
"Connor Phillips","CIN","RP","53.8","57","3","1","4.59","1.40","27","48","28","8","49","0","3","0"
"Bryan Baker","TB","RP","65.3","73","3","2","3.94","1.22","29","56","24","9","64","0","3","0"
"Richard Fitts","STL","SP","102.5","79","5","0","4.50","1.34","51","104","33","15","32","17","6","0"
"Carmen Mlodzinski","PIT","SP,RP","73.9","64","4","0","3.91","1.31","32","71","26","7","33","8","4","0"
"Foster Griffin","WSH","RP","136.1","124","7","0","4.16","1.28","63","131","43","17","31","23","8","0"
"Janson Junk","MIA","SP,RP","95.1","69","5","0","4.37","1.28","46","100","22","12","35","13","5","0"
"Noah Schultz","CWS","SP","16.6","14","1","0","4.55","1.44","8","17","8","2","3","3","1","0"
"Bryce Elder","ATL","SP","68.6","57","4","0","4.55","1.36","35","70","23","9","18","11","4","0"
"Kai-Wei Teng","HOU","SP,RP","31.9","32","2","0","4.47","1.38","16","29","14","4","20","3","2","0"
"Hayden Birdsong","SF","SP,RP","56.2","56","3","0","4.60","1.41","29","51","28","8","22","8","3","0"
"Hagen Smith","CWS","SP","13.8","15","1","0","4.55","1.55","7","10","12","1","3","3","1","0"
"Kyle Harrison","BOS","SP,RP","53.2","54","3","0","4.18","1.32","25","49","21","7","39","2","2","0"
"Mason Montgomery","PIT","RP","61.6","66","3","1","4.08","1.34","28","57","26","7","60","0","3","0"
"Hogan Harris","ATH","RP","67.3","65","3","9","4.37","1.40","33","62","32","8","58","0","3","0"
"Steven Matz","TB","RP","125.2","105","6","0","4.17","1.28","58","127","34","17","34","20","7","0"
"Justin Topa","MIN","RP","64.4","53","3","7","4.03","1.33","29","65","20","6","63","0","3","0"
"Mark Leiter Jr.","ATH","RP","64.6","70","4","5","4.17","1.32","30","61","25","8","64","0","4","0"
"Tobias Myers","NYM","SP,RP","56.8","48","3","0","4.17","1.28","26","56","17","8","36","4","3","0"
"AJ Blubaugh","HOU","SP,RP","45.8","42","2","0","4.51","1.36","23","43","20","7","33","2","3","0"
"Chase Dollander","COL","SP","124.3","107","5","0","5.27","1.50","73","130","57","19","24","24","10","0"
"Tanner McDougal","CWS","SP","29.4","25","1","0","4.63","1.43","15","28","14","4","11","5","1","0"
"Michael Kopech","","RP","41.4","45","2","0","4.53","1.41","21","34","24","6","41","0","2","0"
"Ryan Weiss","HOU","SP","77.9","76","4","0","4.37","1.33","38","73","31","11","33","9","5","0"
"Tyler Kinley","ATL","RP","63.7","69","3","0","4.12","1.30","29","56","27","8","66","0","3","0"
"Stephen Kolek","KC","SP","80.5","57","4","0","4.29","1.36","38","84","25","8","36","9","4","1"
"Sean Newcomb","CWS","SP,RP","94.4","86","4","0","4.14","1.36","43","90","39","11","45","11","5","0"
"Gage Jump","ATH","SP","22.9","20","1","0","4.49","1.33","11","22","8","3","4","4","2","0"
"River Ryan","LAD","SP","36.7","31","2","0","4.53","1.37","18","36","15","5","11","6","2","0"
"Alek Manoah","LAA","SP","95.0","80","4","0","4.94","1.41","52","94","41","15","18","18","7","0"
"Cody Bradford","TEX","SP","44.1","38","2","0","4.19","1.19","21","42","10","7","20","5","3","0"
"JR Ritchie","ATL","SP","13.5","11","1","0","4.37","1.37","7","13","6","2","3","3","1","0"
"Fernando Cruz","NYY","RP","61.1","83","4","2","3.70","1.23","25","47","28","7","60","0","3","0"
"Cole Henry","WSH","RP","64.4","61","2","11","4.79","1.45","34","59","34","9","67","0","3","0"
"Jason Adam","SD","RP","50.3","54","3","0","3.46","1.17","19","41","18","5","50","0","2","0"
"Didier Fuentes","ATL","SP","9.1","9","0","0","4.40","1.32","4","9","3","1","7","1","1","0"
"Hunter Barco","PIT","SP,RP","103.6","95","5","0","4.16","1.35","48","96","44","12","34","16","5","0"
"Jose Alvarado","PHI","RP","60.2","68","4","3","3.51","1.24","23","51","24","6","58","0","3","0"
"David Festa","MIN","SP","46.1","48","2","0","4.08","1.26","21","42","16","6","26","4","3","0"
"Brody Hopkins","TB","SP","10.7","10","1","0","4.63","1.47","5","10","6","1","2","2","1","0"
"Coleman Crow","MIL","SP","28.2","28","2","0","3.78","1.21","12","25","9","3","19","2","1","0"
"Ethan Pecko","HOU","SP","10.9","10","1","0","4.13","1.38","5","10","6","2","3","3","1","0"
"Luis Perales","WSH","SP,RP","30.6","30","1","0","4.40","1.41","15","28","15","3","19","3","2","0"
"Carson Whisenhunt","SF","SP","28.5","23","1","0","4.42","1.37","14","29","10","4","13","4","2","0"
"Trey Gibson","BAL","SP","9.5","9","0","0","4.41","1.35","5","9","4","1","2","2","1","0"
"Hunter Gaddis","CLE","RP","67.8","65","3","3","3.85","1.21","29","61","21","9","65","0","3","0"
"Drey Jameson","ARI","RP","50.4","46","3","1","4.19","1.38","23","49","20","6","47","0","3","0"
"Orion Kerkering","PHI","RP","64.0","69","4","1","3.44","1.21","24","55","23","6","64","0","3","0"
"Juan Mejia","COL","RP","65.9","68","3","2","4.54","1.42","33","63","31","8","65","0","4","0"
"Ricky Tiedemann","TOR","SP","31.6","33","2","0","4.37","1.38","15","29","15","4","14","5","2","0"
"Ben Casparius","LAD","SP,RP","53.8","51","3","0","4.45","1.33","27","51","20","8","46","0","3","0"
"Caden Dana","LAA","SP","90.1","79","5","0","5.07","1.44","51","89","41","16","17","17","7","0"
"Daniel Espino","CLE","SP","24.0","26","1","0","4.31","1.44","12","23","12","4","19","2","1","0"
"Mitch Bratt","ARI","SP","24.6","21","1","0","4.42","1.31","12","25","7","4","5","5","1","0"
"Ty Johnson","TB","SP,RP","24.3","25","1","0","4.16","1.26","11","21","9","3","5","5","2","0"
"Alex Vesia","LAD","RP","63.6","80","4","1","3.55","1.16","25","48","25","9","64","0","3","0"
"Gunnar Hoglund","ATH","SP","43.2","32","2","0","4.92","1.36","24","45","14","7","18","5","2","0"
"Jarlin Susana","WSH","SP","9.0","12","1","0","4.48","1.55","5","7","7","1","2","2","1","0"
"George Klassen","LAA","SP","22.6","21","1","0","4.60","1.43","12","22","11","3","13","2","2","0"
"Drew Anderson","DET","RP","96.3","101","5","0","4.20","1.30","45","85","40","13","32","14","5","0"
"Ryan Zeferjahn","LAA","RP","64.4","71","3","1","4.43","1.39","32","56","33","9","64","0","4","0"
"Dylan Lee","ATL","RP","66.1","74","3","1","3.58","1.16","26","58","19","9","65","0","3","0"
"Yariel Rodriguez","TOR","RP","39.0","39","2","0","4.09","1.33","18","33","18","5","37","0","2","0"
"Yimi Garcia","TOR","RP","58.4","65","3","5","3.80","1.19","25","49","21","7","59","0","3","0"
"Manuel Rodriguez","TB","RP","17.2","16","1","0","3.82","1.26","7","16","6","2","17","0","1","0"
"Keegan Akin","BAL","SP,RP","67.3","68","4","2","4.04","1.27","30","61","25","9","65","0","3","0"
"Ryan Yarbrough","NYY","SP,RP","65.8","53","3","0","4.34","1.26","32","64","19","10","46","2","3","0"
"Tyler Phillips","MIA","RP","70.2","51","3","2","4.39","1.39","34","73","24","8","60","0","3","0"
"Brooks Raley","NYM","RP","60.0","60","3","1","3.70","1.21","25","52","21","6","63","0","3","0"
"Connor Prielipp","MIN","SP","57.2","54","3","0","4.21","1.37","27","56","22","7","42","3","3","0"
"Michael Lorenzen","COL","SP,RP","143.6","113","6","0","5.11","1.44","82","154","52","24","26","26","9","0"
"Bobby Miller","LAD","SP","22.8","21","1","0","4.66","1.40","12","22","10","3","20","0","1","0"
"Blade Tidwell","SF","SP,RP","33.0","29","2","0","4.45","1.37","16","32","13","4","18","3","2","0"
"Mike Vasil","CWS","SP,RP","78.7","62","3","1","4.45","1.40","39","77","33","10","62","1","4","0"
"Miguel Ullola","HOU","SP,RP","19.1","20","1","0","4.37","1.40","9","16","10","3","19","0","1","0"
"Nate Pearson","HOU","RP","51.6","51","2","0","4.36","1.35","25","47","22","7","49","0","3","0"
"Matt Festa","CLE","RP","59.6","59","3","0","4.02","1.26","27","53","22","7","59","0","3","0"
"Keider Montero","DET","SP,RP","80.7","67","4","0","4.56","1.35","41","81","28","12","32","10","5","0"
"Tink Hence","STL","SP","14.6","14","1","0","4.23","1.36","7","13","6","2","4","3","1","0"
"Zach Maxwell","CIN","RP","45.2","47","2","0","4.55","1.46","23","41","25","6","44","0","2","0"
"David Davalillo","TEX","SP","16.3","15","1","0","3.86","1.23","7","14","7","2","4","4","1","1"
"Hunter Dobbins","STL","SP","92.7","68","4","0","4.44","1.36","46","95","31","11","28","14","5","0"
"Drew Pomeranz","LAA","SP,RP","57.3","62","3","3","3.90","1.24","25","51","20","7","60","0","3","0"
"Nestor Cortes Jr.","","SP","31.2","28","2","0","4.52","1.28","16","30","10","6","6","6","2","0"
"Walker Buehler","","SP","122.5","97","6","0","5.09","1.46","69","129","51","20","23","23","9","0"
"Porter Hodge","CHC","RP","49.0","54","3","1","4.12","1.37","22","41","26","6","47","0","3","0"
"Gavin Stone","LAD","SP","27.4","24","2","0","4.29","1.29","13","27","9","4","13","2","1","0"
"Edgardo Henriquez","LAD","RP","31.7","34","2","0","4.23","1.37","15","28","15","4","33","0","2","0"
"Jordan Montgomery","","SP","82.6","66","5","0","4.49","1.35","41","85","27","11","15","15","5","0"
"Joey Wentz","ATL","SP,RP","50.1","49","3","0","4.58","1.40","26","50","20","7","30","4","3","0"
"Graham Ashcraft","CIN","RP","65.7","59","4","2","3.92","1.31","29","64","22","6","59","0","3","0"
"Carlos Lagrange","NYY","SP","9.3","10","1","0","4.37","1.62","5","8","8","1","2","2","1","0"
"Blake Treinen","LAD","RP","58.6","65","4","1","3.82","1.25","25","51","22","7","61","0","3","0"
"Chase Petty","CIN","SP","47.8","36","2","0","5.19","1.53","28","51","22","7","28","4","4","0"
"Ben Hess","NYY","SP","9.3","9","1","0","4.34","1.39","5","9","5","2","2","2","1","0"
"DL Hall","MIL","SP,RP","53.2","51","3","0","4.10","1.36","24","48","24","6","45","0","2","0"
"Brant Hurter","DET","SP,RP","57.0","51","3","0","3.75","1.25","24","54","18","6","47","0","3","0"
"David Robertson","","RP","48.8","56","2","4","3.87","1.27","21","43","20","6","47","0","3","0"
"Bryan King","HOU","RP","66.2","65","4","0","3.60","1.20","27","60","20","8","67","0","3","0"
"Justin Lawrence","PIT","RP","57.0","55","3","1","4.13","1.38","26","52","27","5","53","0","3","0"
"Bowden Francis","TOR","SP","38.1","36","2","0","4.39","1.24","19","35","12","6","25","3","2","0"
"Lucas Braun","ATL","SP","12.8","11","1","0","4.23","1.25","6","12","4","2","3","3","1","0"
"Luis Mey","CIN","RP","37.1","35","2","0","4.63","1.54","19","34","23","4","38","0","2","0"
"Joel Peguero","SF","RP","61.4","51","3","3","4.42","1.43","30","62","26","7","59","0","3","0"
"Lake Bachar","MIA","RP","56.7","57","3","0","4.33","1.36","27","53","24","8","53","0","3","0"
"Adbert Alzolay","NYM","RP","48.7","47","3","0","4.20","1.26","23","45","16","7","49","0","3","0"
"Emiliano Teodo","TEX","RP","14.0","14","1","0","4.66","1.53","7","12","9","2","13","0","1","0"
"Tony Gonsolin","","SP","16.6","16","1","0","4.57","1.35","8","15","7","3","4","3","1","0"
"Isaac Mattson","PIT","RP","64.2","62","3","2","4.19","1.35","30","58","29","8","60","0","3","0"
"Andrew Walters","CLE","RP","31.6","37","2","0","4.07","1.34","14","26","16","4","31","0","2","0"
"Tyler Holton","DET","SP,RP","72.2","60","4","1","3.64","1.16","29","66","18","9","67","0","3","0"
"Jared Koenig","MIL","RP","66.1","67","4","1","3.56","1.23","26","58","23","7","65","0","3","0"
"Caleb Thielbar","CHC","RP","64.5","66","4","1","3.73","1.20","27","56","21","8","67","0","3","0"
"Eduard Bazardo","SEA","RP","67.9","70","3","1","3.67","1.19","28","58","23","8","66","0","3","0"
"Chris Martin","TEX","RP","53.9","53","3","3","3.42","1.15","20","50","11","6","53","0","3","0"
"Steven Okert","HOU","RP","64.4","73","3","0","3.87","1.19","28","54","23","9","66","0","3","0"
"Taylor Rogers","MIN","RP","60.3","62","3","11","4.14","1.35","28","55","26","8","61","0","3","0"
"Chris Paddack","","SP,RP","113.7","86","6","0","4.79","1.32","61","121","29","19","21","21","7","0"
"Jakob Junis","TEX","RP","65.7","57","3","2","4.00","1.22","29","63","17","8","58","0","3","0"
"Ryan Thompson","ARI","RP","62.7","51","4","3","3.88","1.30","27","62","19","6","61","0","3","0"
"Logan Allen","CLE","SP","120.3","97","6","0","4.53","1.41","61","123","47","17","26","22","8","0"
"Angel Zerpa","MIL","RP","61.2","56","3","0","3.60","1.26","24","57","20","6","61","0","3","0"
"Bennett Sousa","HOU","RP","49.8","55","3","0","3.59","1.19","20","42","17","6","48","0","2","0"
"Justin Slaten","BOS","RP","60.9","57","4","0","3.98","1.26","27","57","20","7","57","0","3","0"
"Tanner Banks","PHI","RP","63.2","59","3","0","3.96","1.23","28","60","18","8","61","0","3","0"
"Aaron Bummer","ATL","RP","60.6","62","3","0","3.67","1.30","25","57","22","5","58","0","3","0"
"Brusdar Graterol","LAD","RP","50.5","42","3","0","3.39","1.20","19","46","14","4","52","0","2","0"
"Andrew Nardi","MIA","RP","49.3","60","3","0","3.74","1.23","21","41","19","6","51","0","2","0"
"Kody Funderburk","MIN","RP","63.4","60","3","4","3.89","1.35","27","60","26","6","61","0","3","0"
"Greg Weissert","BOS","RP","65.2","58","4","1","4.14","1.31","30","63","23","8","65","0","3","0"
"Andrew Alvarez","WSH","SP","113.6","82","5","0","4.43","1.40","56","115","44","13","40","17","6","0"
"Hoby Milner","CHC","RP","62.3","53","3","0","3.86","1.27","27","61","18","7","62","0","3","0"
"Anthony Bender","MIA","RP","61.8","58","3","1","3.91","1.30","27","57","24","6","63","0","3","0"
"Erik Miller","SF","RP","59.2","63","3","1","3.68","1.37","24","49","31","5","60","0","3","0"
"Tommy Nance","TOR","RP","56.5","54","3","0","3.86","1.26","24","53","18","6","55","0","2","0"
"Julian Fernandez","WSH","RP","56.9","57","3","2","4.03","1.28","26","52","21","7","55","0","3","0"
"Erik Sabrowski","CLE","RP","60.3","74","3","0","3.92","1.37","26","48","34","7","59","0","3","0"
"Brendon Little","TOR","RP","54.3","60","3","0","3.57","1.36","22","45","29","4","56","0","3","0"
"Braydon Fisher","TOR","RP","51.6","59","3","0","3.83","1.29","22","43","23","6","51","0","2","0"
"Mason Englert","TB","RP","61.2","57","3","0","4.10","1.26","28","59","18","8","54","0","3","0"
"John Schreiber","KC","RP","64.3","59","3","1","4.10","1.30","29","61","23","8","67","0","3","0"
"David Morgan","SD","RP","62.8","64","3","0","4.07","1.31","28","56","26","8","59","0","3","0"
"Jose Butto","SF","SP,RP","64.1","58","3","2","4.03","1.33","29","59","27","7","57","0","3","0"
"Justin Wilson","","RP","48.7","52","3","0","3.74","1.27","20","44","18","6","50","0","2","0"
"Pierce Johnson","CIN","RP","61.4","67","3","1","4.19","1.32","29","57","24","9","61","0","3","0"
"Jimmy Herget","COL","RP","79.4","72","3","2","4.41","1.33","39","80","26","11","71","1","4","0"
"Yoendrys Gomez","TB","SP,RP","75.6","73","4","0","4.48","1.35","38","70","31","11","38","8","4","0"
"Yennier Cano","BAL","RP","51.5","47","3","1","3.75","1.30","21","49","18","5","53","0","3","0"
"Jake Bird","NYY","RP","55.1","57","3","0","3.96","1.31","24","49","23","6","52","0","3","0"
"Colin Selby","BAL","RP","56.3","59","3","0","3.98","1.32","25","50","24","6","53","0","3","0"
"Brock Burke","CIN","RP","63.4","57","3","1","4.16","1.31","29","62","21","8","63","0","3","0"
"PJ Poulin","WSH","RP","58.9","58","3","2","4.07","1.35","27","55","25","7","59","0","3","0"
"Wandy Peralta","SD","RP","61.0","52","3","0","3.84","1.34","26","57","25","6","62","0","3","0"
"Tim Herrin","CLE","RP","52.4","54","3","0","3.83","1.33","22","45","24","5","54","0","3","0"
"Sam Hentges","SF","RP","49.9","50","2","0","3.59","1.27","20","46","17","4","52","0","2","0"
"Charlie Morton","","SP,RP","85.2","85","5","0","4.66","1.43","44","82","39","12","16","16","6","0"
"Brandon Eisert","CWS","SP,RP","61.3","59","3","1","4.20","1.33","29","59","22","8","61","0","4","0"
"Nick Mears","KC","RP","61.1","58","3","0","4.19","1.31","28","56","23","7","61","0","3","0"
"Jonathan Loaisiga","ARI","RP","52.6","43","3","2","3.91","1.31","23","53","16","6","50","0","2","0"
"Grant Anderson","MIL","RP","58.0","58","3","0","4.17","1.31","27","54","23","8","55","0","3","0"
"Jonathan Bowlan","PHI","RP","56.1","53","3","0","4.12","1.29","26","53","19","8","50","0","3","0"
"Elvis Alvarado","ATH","RP","59.8","63","3","3","4.25","1.38","28","53","30","8","58","0","3","0"
"Jovani Moran","BOS","RP","48.8","53","3","0","3.85","1.33","21","44","21","5","48","0","2","0"
"A.J. Puk","ARI","RP","32.6","38","2","3","3.48","1.17","13","27","11","4","32","0","1","0"
"Brenan Hanifee","DET","RP","59.1","44","3","0","3.94","1.30","26","60","17","6","55","0","3","0"
"Spencer Bivens","SF","RP","70.8","53","3","2","4.17","1.35","33","72","23","8","62","0","4","0"
"Enyel De Los Santos","HOU","RP","61.6","59","3","0","4.32","1.30","30","58","23","9","61","0","3","0"
"Josh White","MIA","RP","47.6","50","3","0","3.95","1.30","21","42","19","6","45","0","2","0"
"Ryan Fernandez","STL","RP","56.7","58","3","0","4.10","1.34","26","51","25","6","55","0","3","0"
"Caleb Ferguson","CIN","RP","57.2","54","3","0","4.08","1.33","26","54","22","6","59","0","3","0"
"Eric Orze","MIN","RP","58.6","59","3","1","4.18","1.36","27","54","26","7","56","0","3","0"
"Danny Coulombe","","RP","46.2","46","2","0","3.74","1.24","19","41","17","5","48","0","2","0"
"Brady Basso","ATH","RP","53.3","47","3","1","4.14","1.30","25","52","17","7","47","0","2","0"
"Huascar Brazoban","NYM","SP,RP","57.0","54","3","0","4.08","1.34","26","51","25","6","53","0","3","0"
"Tim Hill","NYY","RP","66.7","38","4","0","4.07","1.35","30","71","19","7","65","0","3","0"
"Jose Urquidy","","RP","98.5","75","5","0","4.94","1.35","54","102","31","17","19","19","7","0"
"Jacob Webb","CHC","RP","54.3","51","3","0","4.22","1.29","25","49","21","7","52","0","3","0"
"Scott Barlow","","RP","58.7","63","3","0","4.19","1.37","27","50","30","7","60","0","3","0"
"Dietrich Enns","BAL","SP,RP","59.2","55","3","0","4.19","1.33","28","59","20","8","50","0","3","0"
"Jack Dreyer","LAD","SP,RP","45.3","45","2","0","3.80","1.23","19","40","16","5","44","0","2","0"
"Luis Garcia","NYM","RP","57.3","51","3","0","4.01","1.35","26","55","22","6","56","0","3","0"
"Tyler Alexander","TEX","SP,RP","69.3","57","3","0","4.56","1.28","35","71","18","11","52","2","4","0"
"Ryne Stanek","STL","RP","59.2","59","3","2","4.32","1.37","28","54","27","8","61","0","4","0"
"Taylor Clarke","ARI","RP","61.4","50","3","1","4.36","1.30","30","62","17","9","57","0","3","0"
"Cole Sulser","TB","RP","51.5","47","3","0","4.08","1.31","23","49","18","7","48","0","3","0"
"Brent Headrick","NYY","RP","46.3","48","2","0","3.99","1.23","21","42","15","7","42","0","2","0"
"Joel Payamps","ATL","RP","51.1","47","3","0","4.20","1.29","24","50","16","7","52","0","2","0"
"Emerson Hancock","SEA","SP,RP","66.7","53","3","0","4.38","1.31","33","66","22","9","37","6","4","0"
"Yuki Matsui","SD","RP","54.9","55","3","0","4.22","1.34","26","49","25","7","53","0","2","0"
"Casey Legumina","SEA","RP","49.8","48","3","0","4.16","1.31","23","46","20","6","48","0","3","0"
"Carlos Vargas","SEA","RP","56.4","43","3","0","4.06","1.33","25","55","20","6","56","0","3","0"
"Paul Blackburn","NYY","SP,RP","68.4","56","3","0","4.43","1.33","34","69","22","9","47","4","4","0"
"Kevin Kelly","TB","RP","44.2","39","2","0","3.90","1.21","19","43","11","5","44","0","2","0"
"Jalen Beeks","","RP","49.9","44","3","0","4.03","1.33","22","47","19","6","49","0","2","0"
"Justin Martinez","ARI","RP","27.3","34","2","4","3.27","1.29","10","21","14","2","26","0","1","0"
"Luis Medina","ATH","SP","98.4","86","5","0","4.83","1.44","53","96","46","13","32","15","6","0"
"Mitchell Parker","WSH","SP","93.9","70","4","0","4.70","1.38","49","97","32","13","40","11","6","0"
"Alex Cobb","","SP","53.8","44","3","0","4.11","1.34","25","54","18","6","10","10","3","0"
"Ryan Brasier","","RP","46.7","41","2","0","4.00","1.24","21","44","14","5","47","0","2","0"
"Bailey Falter","KC","SP","74.8","54","4","0","4.65","1.35","39","76","25","11","43","6","4","0"
"Anthony Banda","LAD","RP","57.6","55","3","0","4.33","1.36","28","53","25","8","57","0","2","0"
"Kyle Wright","","SP","67.9","55","4","0","4.58","1.38","35","68","25","9","13","12","4","0"
"Rob Zastryzny","MIL","RP","45.9","42","3","0","4.20","1.31","21","43","17","6","46","0","2","0"
"Ian Hamilton","ATL","RP","49.4","51","2","0","3.94","1.35","22","44","22","5","47","0","2","0"
"Cade Gibson","MIA","RP","61.8","49","3","0","4.15","1.39","29","61","25","6","56","0","3","0"
"Jordan Hicks","CWS","SP,RP","60.0","54","3","0","4.22","1.40","28","57","27","6","56","0","3","0"
"Daniel Lynch","KC","RP","59.8","45","3","0","4.29","1.34","29","61","20","8","54","0","3","0"
"Kade Strowd","ARI","RP","57.5","54","3","0","4.24","1.40","27","55","26","7","57","0","3","0"
"Tyler Ferguson","ATH","RP","52.7","52","3","1","4.37","1.38","26","47","26","6","51","0","3","0"
"Luis Garcia","","SP","40.7","40","2","1","4.08","1.25","18","37","14","5","33","1","2","0"
"Chase Silseth","LAA","RP","55.5","54","3","0","4.31","1.39","27","51","27","7","48","0","3","0"
"Austin Warren","NYM","RP","46.0","42","3","0","4.27","1.32","22","44","17","6","42","0","3","0"
"Matt Pushard","STL","RP","51.3","45","3","0","4.29","1.35","24","50","19","7","50","0","3","0"
"Alex Lange","KC","RP","47.1","49","3","0","4.14","1.41","22","41","26","4","49","0","3","0"
"Zack Kelly","BOS","SP,RP","55.3","53","3","0","4.36","1.39","27","51","26","7","52","0","3","0"
"Mason Fluharty","TOR","RP","42.1","43","2","0","4.00","1.30","19","37","18","5","41","0","2","0"
"Paul Sewald","","RP","46.0","46","2","0","4.43","1.24","23","41","15","8","47","0","2","0"
"Gordon Graceffo","STL","RP","59.8","47","3","0","4.38","1.36","29","62","20","7","51","0","3","0"
"Jose Fermin","LAA","RP","52.0","55","3","0","4.50","1.38","26","46","26","8","53","0","4","0"
"Matt Gage","SF","RP","52.9","45","2","0","4.02","1.35","24","52","19","5","52","0","2","0"
"Tommy Kahnle","","RP","56.3","51","3","1","4.36","1.41","27","52","27","7","58","0","3","0"
"Andrew Chafin","","RP","47.6","52","2","0","4.04","1.38","21","42","23","5","50","0","3","0"
"Jaden Hill","COL","RP","50.9","50","3","0","4.45","1.37","25","50","19","6","50","0","3","0"
"Yohan Ramirez","PIT","RP","47.5","49","2","0","4.15","1.34","22","43","20","5","44","0","2","0"
"Dauri Moreta","","RP","33.9","39","2","0","3.89","1.27","15","28","15","4","34","0","2","0"
"Evan Sisk","PIT","RP","46.8","45","2","0","3.91","1.37","20","44","20","4","47","0","2","0"
"Brent Suter","","SP,RP","60.5","47","2","0","4.31","1.32","29","61","19","8","57","0","3","0"
"Ryan Gusto","MIA","SP,RP","62.1","52","3","0","4.57","1.36","32","63","22","9","33","6","4","0"
"Jose Leclerc","","RP","43.5","48","2","0","4.17","1.33","20","38","20","6","43","0","2","0"
"Yaramil Hiraldo","BAL","RP","39.3","41","2","0","4.15","1.27","18","36","14","6","38","0","2","0"
"Michael Kelly","ATH","RP","60.3","51","3","3","4.58","1.41","31","59","26","8","58","0","3","0"
"Shelby Miller","","RP","25.0","27","1","4","3.60","1.16","10","21","9","3","24","0","2","0"
"Dylan Ross","NYM","RP","39.0","42","2","0","3.90","1.35","17","33","20","4","39","0","2","0"
"Justin Bruihl","STL","RP","45.7","41","2","0","4.03","1.34","20","44","17","5","46","0","2","0"
"Jonathan Cannon","CWS","SP,RP","104.4","77","4","0","4.92","1.40","57","109","37","16","31","16","7","0"
"Bradgley Rodriguez","SD","RP","42.3","39","3","0","4.16","1.39","20","39","20","5","41","0","2","0"
"Craig Yoho","MIL","RP","35.5","38","2","0","3.88","1.32","15","31","16","4","35","0","2","0"
"Kyle Hart","SD","SP,RP","58.9","50","3","0","4.58","1.37","30","58","22","8","27","7","3","0"
"Jason Foley","SF","RP","31.2","26","2","0","3.61","1.24","12","30","9","3","32","0","2","0"
"Cooper Criswell","SEA","RP","43.8","36","2","0","4.08","1.30","20","43","14","5","28","3","2","0"
"Hayden Harris","ATL","RP","32.8","37","2","0","3.95","1.30","14","28","14","4","33","0","2","0"
"Josh Sborz","TEX","RP","44.1","45","2","0","4.26","1.34","21","41","18","5","43","0","2","0"
"Tristan Beck","SF","RP","39.6","34","2","0","4.13","1.28","18","38","13","5","33","0","2","0"
"Rico Garcia","BAL","RP","50.6","52","2","0","4.42","1.36","25","47","22","8","48","0","2","0"
"Pierson Ohl","COL","SP,RP","56.0","42","3","0","4.73","1.32","29","62","12","9","31","4","3","0"
"Travis Adams","MIN","SP,RP","60.8","48","3","0","4.59","1.38","31","63","21","8","47","2","3","0"
"Taijuan Walker","PHI","SP,RP","114.5","80","5","0","5.00","1.43","64","122","42","19","41","16","7","0"
"Jack Perkins","ATH","RP","28.8","31","2","0","3.87","1.26","12","25","12","4","23","0","1","0"
"Steven Cruz","KC","RP","44.0","40","2","0","4.18","1.34","20","40","19","5","42","0","2","0"
"Kyle Nicolas","PIT","RP","53.8","53","2","0","4.27","1.41","26","49","26","6","51","0","3","0"
"Hunter Bigge","TB","RP","42.4","43","2","0","4.24","1.35","20","39","18","6","40","0","2","0"
"Brennan Bernardino","COL","SP,RP","56.6","51","3","1","4.49","1.45","28","57","25","6","58","0","3","0"
"Dylan Dodd","ATL","RP","39.7","34","2","0","4.21","1.29","19","40","11","5","37","0","2","0"
"Justin Hagenman","NYM","RP","31.9","29","2","0","4.18","1.22","15","31","8","5","27","0","1","0"
"Colton Gordon","HOU","SP,RP","41.9","37","2","0","4.36","1.29","20","42","12","7","33","1","2","0"
"Connor Brogdon","CLE","RP","51.7","52","2","0","4.53","1.36","26","49","21","8","49","0","3","0"
"Richard Lovelady","WSH","RP","38.1","34","2","0","4.12","1.31","17","36","13","4","38","0","2","0"
"Clarke Schmidt","NYY","SP","27.6","27","2","0","3.94","1.23","12","25","9","4","12","3","1","0"
"Luke Jackson","","RP","48.1","44","2","1","4.28","1.40","23","45","23","5","47","0","3","0"
"Colin Holderman","CLE","RP","40.4","38","2","0","4.16","1.36","19","38","17","5","40","0","2","0"
"Jackson Rutledge","WSH","SP,RP","58.3","50","3","1","4.74","1.41","31","59","23","8","52","0","3","0"
"Griff McGarry","WSH","SP","49.5","55","2","0","4.35","1.44","24","41","30","6","46","0","2","0"
"James McArthur","KC","RP","35.5","32","2","0","4.15","1.31","16","35","12","4","35","0","2","0"
"Craig Kimbrel","NYM","RP","30.4","36","2","0","4.15","1.33","14","25","16","4","30","0","2","0"
"Drew Thorpe","CWS","SP","63.3","47","3","0","4.78","1.37","34","64","23","10","12","12","4","0"
"Easton McGee","MIL","RP","32.4","28","2","0","4.07","1.29","15","31","10","4","29","0","1","0"
"JT Brubaker","SF","RP","49.1","41","2","0","4.37","1.36","24","49","18","6","43","0","2","0"
"Keaton Winn","SF","SP,RP","32.4","29","2","0","4.12","1.29","15","32","10","4","24","1","2","0"
"Sam Moll","CIN","RP","38.5","38","2","0","4.29","1.35","18","35","17","5","40","0","2","0"
"Ron Marinaccio","SD","RP","41.8","40","2","0","4.34","1.36","20","38","19","6","39","0","2","0"
"Anthony Nunez","BAL","RP","25.4","28","2","0","3.96","1.28","11","22","11","3","25","0","1","0"
"Evan Phillips","","RP","23.1","25","1","0","3.46","1.15","9","19","7","2","23","0","1","0"
"Nick Sandlin","LAA","RP","37.9","39","2","0","4.40","1.34","19","33","18","6","39","0","2","0"
"Chad Green","","RP","44.7","39","2","0","4.58","1.31","23","44","15","7","45","0","3","0"
"Drew Smith","","RP","39.7","40","2","0","4.46","1.34","20","36","17","6","40","0","2","0"
"Carlos Rodriguez","MIL","RP","43.7","39","2","0","4.49","1.33","22","41","17","6","29","3","2","0"
"Ethan Roberts","CHC","RP","36.7","36","2","0","4.32","1.34","18","34","15","5","36","0","2","0"
"Zak Kent","TEX","RP","36.5","36","2","0","4.19","1.37","17","33","17","4","33","0","2","0"
"Andre Granillo","STL","RP","36.3","35","2","0","4.29","1.34","17","33","16","5","33","0","2","0"
"RJ Petit","COL","RP","49.8","44","3","0","4.67","1.42","26","51","20","7","49","0","4","0"
"George Soriano","WSH","RP","44.0","41","2","0","4.47","1.36","22","42","18","6","40","0","2","0"
"Rafael Montero","","RP","53.5","51","2","0","4.46","1.42","27","49","27","7","54","0","3","0"
"Ryan Watson","BOS","SP,RP","39.7","34","2","0","4.28","1.35","19","40","14","5","39","0","2","0"
"Will Klein","LAD","RP","44.8","50","2","0","4.35","1.45","22","39","26","5","43","0","2","0"
"Zach McCambley","PHI","SP,RP","43.1","42","2","0","4.43","1.38","21","41","19","6","43","0","2","0"
"Peyton Pallette","CLE","RP","44.6","43","2","0","4.51","1.37","22","42","19","6","42","0","2","0"
"Kohl Drake","ARI","SP","42.5","39","2","0","4.43","1.36","21","41","16","6","16","6","2","0"
"Steven Wilson","TB","RP","52.5","51","2","0","4.72","1.37","28","48","24","9","52","0","3","0"
"Dylan Smith","DET","RP","37.4","33","2","0","4.21","1.36","18","35","16","4","35","0","2","0"
"Reiver Sanmartin","SF","RP","40.4","30","2","0","4.09","1.37","18","42","13","4","38","0","2","0"
"Kyle Hurt","LAD","RP","33.7","35","2","0","4.28","1.36","16","30","16","4","16","4","1","0"
"Jonathan Pintaro","NYM","SP,RP","28.5","28","2","0","3.99","1.35","13","26","13","3","24","1","1","0"
"Tyler Gilbert","CWS","SP,RP","39.8","36","2","0","4.43","1.35","20","39","15","6","37","0","2","0"
"Paxton Schultz","WSH","RP","39.8","37","2","0","4.43","1.36","20","39","16","5","35","0","2","0"
"Kendry Rojas","MIN","SP","37.3","34","2","0","4.28","1.37","18","36","15","4","33","0","2","0"
"Brandyn Garcia","ARI","RP","44.1","39","2","0","4.19","1.43","20","43","20","4","42","0","2","0"
"Bailey Horn","DET","RP","46.6","43","2","0","4.36","1.42","23","44","22","6","45","0","3","0"
"Gus Varland","WSH","RP","42.6","40","2","0","4.42","1.39","21","42","17","5","42","0","2","0"
"Brock Stewart","LAD","RP","29.1","33","1","0","4.00","1.27","13","25","12","4","29","0","1","0"
"Michael Tonkin","MIN","RP","35.2","33","2","0","4.48","1.32","18","34","13","5","33","0","2","0"
"Roddery Munoz","HOU","RP","49.8","50","2","0","4.65","1.40","26","46","24","8","43","0","3","0"
"Andrew Hoffmann","ARI","RP","39.7","36","2","0","4.32","1.39","19","40","16","5","37","0","2","0"
"Joey Lucchesi","","RP","45.6","35","2","0","4.31","1.39","22","46","18","5","43","0","2","0"
"Chris Murphy","CWS","RP","37.1","33","2","0","4.23","1.39","17","34","17","4","32","0","2","0"
"Mitch Spence","ATH","SP,RP","38.7","31","2","0","4.45","1.33","19","40","11","5","30","1","2","0"
"Trent Thornton","CHC","RP","30.4","26","2","0","4.32","1.30","15","30","10","4","29","0","1","0"
"John King","","RP","42.3","28","2","0","4.11","1.39","19","46","13","4","42","0","2","0"
"Kaleb Ort","LAA","RP","46.3","47","2","0","4.67","1.40","24","42","23","7","46","0","2","0"
"Troy Taylor","SEA","RP","38.5","36","2","0","4.35","1.40","19","36","18","5","39","0","2","0"
"Beau Brieske","DET","RP","46.0","40","2","0","4.56","1.38","23","44","20","6","44","0","3","0"
"Max Lazar","PHI","RP","38.0","30","2","0","4.46","1.33","19","38","12","5","35","0","2","0"
"Ty Adcock","SD","RP","34.4","32","2","0","4.48","1.34","17","33","13","5","33","0","2","0"
"Luinder Avila","KC","RP","36.4","32","2","0","4.26","1.39","17","35","16","4","34","0","2","0"
"Jedixson Paez","CWS","SP","37.2","29","2","0","4.43","1.33","18","39","11","5","35","0","2","0"
"Robinson Ortiz","SEA","SP,RP","34.6","33","2","0","4.22","1.41","16","31","18","4","35","0","2","0"
"Juan Morillo","ARI","RP","48.7","45","2","0","4.26","1.48","23","47","25","5","50","0","2","0"
"John Klein","MIN","SP,RP","43.9","38","2","0","4.63","1.36","23","44","16","6","39","0","3","0"
"Grant Holman","ATH","RP","38.4","33","2","0","4.38","1.38","19","38","16","5","39","0","2","0"
"Brandon Young","BAL","SP","33.8","29","2","0","4.49","1.32","17","34","10","5","20","3","2","0"
"Tim Mayza","PHI","RP","28.1","23","2","0","4.09","1.35","13","28","10","3","30","0","1","0"
"Grant Wolfram","BAL","RP","29.9","28","2","0","4.17","1.39","14","28","13","3","29","0","2","0"
"Joe Ross","","RP","41.6","34","2","0","4.47","1.38","21","42","15","5","38","0","2","0"
"Joe Rock","TB","SP,RP","35.9","29","2","0","4.38","1.36","17","37","12","5","22","2","2","0"
"Daysbel Hernandez","ATL","RP","33.5","36","2","0","4.31","1.44","16","29","19","4","33","0","2","0"
"Brandon Williamson","CIN","SP","47.4","40","2","0","4.70","1.37","25","47","18","7","30","3","2","0"
"Josh Simpson","MIA","RP","38.8","37","2","0","4.34","1.44","19","36","20","4","39","0","2","0"
"Adam Mazur","MIA","SP","42.1","32","2","0","4.58","1.35","21","44","13","6","24","4","2","0"
"Nick Raquet","STL","RP","33.7","27","2","0","4.30","1.37","16","34","12","4","32","0","2","0"
"Jorge Lopez","","RP","32.9","28","2","0","4.41","1.36","16","33","12","4","33","0","2","0"
"Eduarniel Nunez","ATH","RP","45.8","46","2","0","4.44","1.48","23","41","27","6","44","0","2","0"
"Carter Baumler","TEX","SP,RP","49.3","43","2","0","4.61","1.42","25","48","22","6","47","0","3","0"
"Pedro Avila","CLE","RP","34.8","31","2","0","4.39","1.40","17","34","15","4","26","2","2","0"
"DJ Herz","WSH","SP","28.5","31","1","0","4.08","1.33","13","24","14","3","17","3","2","0"
"Brandan Bidois","PIT","RP","38.6","36","2","0","4.45","1.43","19","36","19","5","38","0","3","0"
"Zach Pop","PHI","RP","46.6","36","2","0","4.56","1.40","24","48","17","6","46","0","3","0"
"Tayler Saucedo","LAA","RP","35.0","31","2","0","4.36","1.42","17","34","15","4","35","0","2","0"
"Luis Curvelo","TEX","RP","31.3","28","2","0","4.52","1.36","16","29","13","4","30","0","2","0"
"Chase Shugart","PHI","RP","37.4","31","2","0","4.59","1.37","19","37","15","5","35","0","2","0"
"Jose Corniell","TEX","SP,RP","21.4","19","1","0","3.80","1.20","9","19","7","2","15","0","1","0"
"Lou Trivino","","RP","38.1","33","2","0","4.55","1.40","19","37","16","5","38","0","2","0"
"Chase Lee","TOR","RP","24.5","24","1","0","4.07","1.25","11","23","8","3","23","0","1","0"
"Trevor Williams","WSH","SP","34.9","28","2","0","4.57","1.36","18","37","10","5","21","3","2","0"
"Jackson Kowar","MIN","RP","41.0","38","2","0","4.59","1.43","21","39","20","5","41","0","2","0"
"Austin Gomber","TEX","SP","40.0","30","2","0","4.83","1.32","21","42","11","7","22","4","3","0"
"Hayden Wesneski","HOU","SP","25.2","24","1","0","4.22","1.24","12","24","8","4","17","2","1","0"
"Yosver Zulueta","SEA","RP","25.2","26","1","0","3.84","1.35","11","22","13","2","24","0","1","0"
"Chris Roycroft","STL","RP","40.9","33","2","0","4.37","1.45","20","41","19","4","39","0","2","0"
"Yerry De los Santos","NYY","RP","32.7","27","1","0","4.07","1.36","15","32","13","4","31","0","1","0"
"Scott Alexander","","RP","31.7","23","2","0","4.30","1.41","15","33","11","3","33","0","2","0"
"Michael Petersen","MIA","RP","34.4","33","1","0","4.42","1.35","17","33","14","5","33","0","1","0"
"Mason Barnett","ATH","SP","46.0","39","2","0","4.79","1.41","24","45","20","7","23","5","2","0"
"Bryan Hudson","CWS","RP","26.3","25","1","0","4.08","1.33","12","24","11","3","24","0","1","0"
"Luke Little","CHC","RP","21.1","24","1","0","3.71","1.37","9","17","12","2","22","0","1","0"
"Ryan Feltner","COL","SP","109.5","87","5","0","5.22","1.50","64","118","46","16","26","19","7","0"
"Jose Castillo","","RP","19.5","20","1","0","3.69","1.31","8","18","8","2","19","0","1","0"
"Colin Poche","","RP","32.5","30","2","0","4.68","1.41","17","30","16","5","34","0","2","0"
"Garrett Hawkins","SD","RP","25.5","26","1","0","4.19","1.33","12","23","11","4","25","0","1","0"
"Juan Burgos","ARI","RP","32.5","27","2","0","4.51","1.43","16","32","14","4","32","0","2","0"
"Andrew Morris","MIN","SP","24.2","20","1","0","4.14","1.28","11","24","7","3","23","0","1","0"
"Michel Otanez","TEX","RP","26.1","32","1","0","4.20","1.42","12","21","16","3","26","0","1","0"
"Tyler Samaniego","BOS","RP","27.7","23","2","0","4.42","1.43","14","28","12","3","27","0","2","0"
"Sammy Peralta","MIL","RP","25.9","22","1","0","4.24","1.30","12","25","9","3","22","0","1","0"
"Liam Hendriks","","RP","24.0","24","1","0","4.27","1.31","11","22","10","3","24","0","1","0"
"Josh Winckowski","TOR","RP","18.1","16","1","0","3.73","1.27","8","18","6","2","12","1","1","0"
"Philip Abner","ARI","RP","26.5","24","1","0","4.19","1.35","12","26","10","3","27","0","1","0"
"Sam Bachman","LAA","RP","31.4","26","2","0","4.45","1.46","16","31","15","3","30","0","2","0"
"Codi Heuer","CLE","RP","19.0","21","1","0","4.02","1.31","9","17","8","3","12","0","1","0"
"Josh Walker","BAL","RP","30.1","33","2","0","4.79","1.46","16","28","16","5","26","0","2","0"
"Michael Grove","","RP","17.4","19","1","0","4.15","1.24","8","16","6","3","12","1","1","0"
"Danny Young","ATL","RP","19.0","20","1","0","3.85","1.34","8","17","9","2","20","0","1","0"
"Jesse Scholtens","TB","SP,RP","30.7","27","1","0","4.50","1.33","15","31","10","5","26","0","1","0"
"John Rooney","TB","RP","16.5","20","1","0","3.81","1.33","7","13","10","2","13","0","1","0"
"Matt Waldron","SD","SP","36.8","29","2","0","4.95","1.37","20","38","12","6","7","7","2","0"
"Kendall Graveman","","RP","39.1","34","2","0","4.60","1.48","20","39","19","5","39","0","2","0"
"Cody Laweryson","LAA","RP","31.9","27","1","0","4.43","1.35","16","32","11","4","28","0","2","0"
"Alec Marsh","KC","SP","18.8","20","1","0","4.07","1.30","9","18","7","3","5","1","1","0"
"Cal Quantrill","TEX","SP","39.3","30","2","0","4.96","1.37","22","41","13","6","19","5","3","0"
"Wikelman Gonzalez","CWS","SP,RP","51.6","50","2","0","4.79","1.50","27","46","31","7","46","0","3","0"
"Caleb Boushley","","RP","26.9","20","2","0","4.52","1.41","14","29","9","4","15","1","2","0"
"McCade Brown","COL","SP","78.0","72","3","0","5.25","1.47","46","80","35","13","16","16","6","0"
"Ryan Burr","","SP,RP","10.5","15","1","0","3.42","1.19","4","8","5","1","12","0","1","0"
"Bryan Hoeing","SD","RP","25.9","21","1","0","4.21","1.33","12","26","9","3","21","1","1","0"
"Hunter Stratton","ATL","RP","23.1","21","1","0","4.22","1.32","11","22","8","3","22","0","1","0"
"Spencer Turnbull","","SP,RP","51.3","39","3","0","4.99","1.48","28","54","22","7","11","10","4","0"
"Cade Winquest","NYY","SP","39.7","31","2","0","4.85","1.41","21","40","16","6","37","0","2","0"
"Shawn Dubin","ARI","RP","20.3","20","1","0","3.99","1.35","9","19","9","2","17","0","1","0"
"Ryan Borucki","CWS","RP","18.8","18","1","0","4.03","1.30","8","17","8","2","19","0","1","0"
"Jose Suarez","ATL","RP","20.6","20","1","0","4.21","1.31","10","20","7","3","18","0","1","0"
"Alex Carrillo","NYM","RP","23.0","26","1","0","4.37","1.37","11","20","12","3","22","0","2","0"
"Albert Suarez","BAL","SP,RP","28.1","23","1","0","4.39","1.34","14","28","9","4","20","1","1","0"
"Chris Devenski","PIT","RP","27.7","23","1","0","4.48","1.33","14","28","9","4","26","0","1","0"
"Tyson Neighbors","BAL","RP","21.2","22","1","0","4.33","1.34","10","19","9","3","21","0","1","0"
"Evan Reifert","TB","RP","19.8","22","1","0","4.13","1.38","9","17","10","2","19","0","1","0"
"Dane Dunning","SEA","SP,RP","21.1","18","1","0","4.22","1.31","10","21","7","3","12","2","1","0"
"Sean Guenther","DET","RP","18.7","15","1","0","3.98","1.30","8","18","6","2","18","0","1","0"
"Ronel Blanco","HOU","SP","17.7","18","1","0","4.23","1.29","8","16","7","3","8","2","1","0"
"Erick Fedde","","SP,RP","31.1","23","2","0","4.78","1.41","16","31","12","5","6","6","2","0"
"Derek Law","ARI","RP","26.7","22","1","0","4.27","1.37","13","27","10","3","26","0","1","0"
"Austin Peterson","CLE","SP","30.9","22","1","0","4.61","1.31","16","33","8","5","16","3","2","0"
"Kervin Castro","NYY","RP","20.7","19","1","0","4.18","1.35","10","19","9","2","20","0","1","0"
"Franco Aleman","CLE","RP","20.0","22","1","0","4.26","1.39","9","18","10","2","20","0","1","0"
"Jhony Brito","SD","RP","21.6","17","1","0","4.27","1.32","10","21","7","3","18","1","1","0"
"Gregory Santos","SF","RP","20.0","18","1","0","3.90","1.41","9","19","9","1","20","0","1","0"
"Hunter Strickland","","RP","34.5","27","2","0","4.89","1.43","19","34","15","5","34","0","2","0"
"Drew Sommers","DET","RP","19.8","17","1","0","4.04","1.37","9","19","8","2","21","0","1","0"
"Kyle Backhus","PHI","RP","21.5","21","1","0","4.33","1.37","10","20","9","3","23","0","1","0"
"Joey Gerber","NYM","SP,RP","20.4","20","1","0","4.49","1.32","10","19","8","3","19","0","1","0"
"Angel Chivilli","NYY","RP","29.8","27","1","0","4.60","1.38","15","30","11","5","28","0","2","0"
"Sean Sullivan","COL","SP","40.1","30","2","0","5.10","1.39","23","44","12","7","7","7","3","0"
"Carson Seymour","SF","SP,RP","21.7","19","1","0","4.19","1.38","10","21","8","3","17","0","1","0"
"Daison Acosta","SD","RP","20.1","21","1","0","4.22","1.40","9","17","11","2","20","0","1","0"
"Mike Clevinger","PIT","RP","34.5","27","2","0","5.02","1.41","19","36","13","6","12","6","3","0"
"Zach Agnos","COL","RP","44.9","36","2","1","5.01","1.46","25","47","19","7","43","0","3","0"
"Eli Morgan","KC","RP","32.0","27","1","0","4.71","1.36","17","32","12","5","31","0","1","0"
"Paul Gervase","LAD","RP","23.9","26","1","0","4.59","1.39","12","21","12","4","23","0","1","0"
"Lazaro Estrada","TOR","SP,RP","20.3","18","1","0","4.50","1.30","10","20","6","3","17","0","1","0"
"Ryan Johnson","LAA","RP","19.3","19","1","0","4.33","1.35","9","20","7","3","18","0","1","0"
"Cole Wilcox","SEA","RP","23.5","19","1","0","4.29","1.37","11","23","9","3","22","0","1","0"
"Ryan Harbin","PIT","RP","35.7","34","2","0","4.65","1.55","18","35","21","4","35","0","2","0"
"Kolby Allard","CLE","SP,RP","32.3","25","1","0","4.55","1.38","16","34","10","5","26","0","2","0"
"Brycen Mautz","STL","SP","17.4","15","1","0","4.20","1.32","8","17","6","2","15","1","1","0"
"Carlos Hernandez","CLE","RP","17.9","18","1","0","4.27","1.36","9","17","8","2","18","0","1","0"
"Riley Martin","CHC","RP","19.0","20","1","0","4.11","1.43","9","17","10","2","19","0","1","0"
"Welinton Herrera","COL","RP","24.3","24","1","0","4.40","1.42","12","24","11","3","24","0","2","0"
"Jorge Alcala","TOR","RP","21.5","22","1","0","4.57","1.36","11","20","9","4","21","0","1","0"
"Brendan Beck","NYY","SP","17.0","14","1","0","4.41","1.26","8","17","5","3","17","0","1","0"
"Jayden Murray","HOU","RP","29.0","25","1","0","4.52","1.40","15","28","13","4","28","0","1","0"
"Hector Neris","KC","RP","22.0","23","1","0","4.56","1.38","11","20","10","3","23","0","2","0"
"Tanner Gordon","COL","SP","125.5","87","5","0","5.48","1.44","76","149","31","24","24","24","10","0"
"Dom Hamel","NYY","SP,RP","26.6","24","1","0","4.64","1.37","14","26","11","4","25","0","1","0"
"Easton Lucas","","SP,RP","21.9","21","1","0","4.31","1.41","11","21","11","3","12","1","2","0"
"Shane Drohan","BOS","SP","17.7","17","1","0","4.24","1.36","8","17","8","2","18","0","1","0"
"Nick Burdi","NYM","RP","12.0","14","1","0","3.88","1.34","5","10","6","1","12","0","0","0"
"Keegan Thompson","COL","RP","34.6","34","1","0","4.73","1.43","18","34","15","5","31","0","2","0"
"Mason Black","KC","SP,RP","45.4","37","2","0","4.98","1.46","25","46","20","7","24","4","3","0"
"Jose Espada","BAL","RP","17.4","19","1","0","4.39","1.37","8","15","9","2","15","0","1","0"
"Ixan Henderson","STL","SP","15.0","13","1","0","3.89","1.36","7","13","8","1","12","1","1","0"
"Carson Fulmer","","SP,RP","19.3","18","1","0","4.21","1.40","9","19","9","2","10","1","1","0"
"Ky Bush","CWS","SP","26.6","21","2","0","4.58","1.52","14","27","13","3","15","3","3","0"
"Spencer Miles","TOR","SP","18.1","18","1","0","4.23","1.40","9","18","8","3","18","0","1","0"
"Luis Guerrero","TB","RP","29.8","26","2","0","4.88","1.49","16","28","16","4","28","0","2","0"
"Konnor Pilkington","WSH","RP","27.5","27","1","0","4.49","1.45","14","25","15","3","27","0","2","0"
"Ryan Lambert","NYM","RP","13.5","15","1","0","4.19","1.34","6","11","7","2","13","0","1","0"
"Angel Bastardo","TOR","SP","19.0","18","1","0","4.34","1.38","9","18","8","2","16","1","1","0"
"Alex Faedo","","SP,RP","12.8","13","1","0","4.22","1.29","6","12","5","2","8","1","1","0"
"Domingo Gonzalez","SEA","RP","18.0","17","1","0","4.37","1.37","9","17","8","2","18","0","1","0"
"Robert Stock","NYM","SP,RP","18.0","20","1","0","4.26","1.45","9","16","10","2","13","1","1","0"
"Alan Rangel","PHI","SP,RP","26.6","22","1","0","4.77","1.35","14","27","9","5","13","3","1","0"
"Joey Estes","ATH","SP","28.1","21","1","0","4.94","1.30","15","29","8","5","22","1","1","0"
"Genesis Cabrera","PHI","RP","24.8","23","1","0","4.62","1.40","13","24","11","4","25","0","1","0"
"Trevor Stephan","CLE","RP","15.1","14","1","0","4.28","1.34","7","14","6","2","15","0","1","0"
"Roansy Contreras","","SP,RP","34.9","25","2","0","4.90","1.46","19","37","15","6","22","1","2","0"
"Wade Miley","","SP","36.9","23","2","0","4.88","1.44","20","40","14","5","7","7","3","1"
"Cameron Foster","BAL","RP","22.5","20","1","0","4.57","1.39","11","23","9","3","22","0","1","0"
"Braden Nett","ATH","SP","35.8","29","2","0","4.88","1.50","19","36","18","5","17","5","2","0"
"Dillon Tate","","RP","13.5","12","1","0","3.99","1.37","6","13","6","1","13","0","1","0"
"Alex Hoppe","SEA","RP","19.5","18","1","0","4.26","1.44","9","18","10","2","19","0","1","0"
"Prelander Berroa","CWS","RP","29.5","30","1","0","4.55","1.49","15","26","17","4","29","0","2","0"
"Ty Madden","DET","RP","22.2","20","1","0","4.56","1.40","11","22","9","3","14","2","1","0"
"K.C. Hunt","MIL","SP","12.0","11","1","0","4.30","1.28","6","11","4","2","12","0","1","0"
"Thomas Harrington","PIT","SP,RP","26.8","21","1","0","4.76","1.36","14","28","9","4","11","4","2","0"
"David Sandlin","CWS","SP,RP","17.1","15","1","0","4.48","1.35","8","17","6","3","17","0","1","0"
"Cam Booser","TB","RP","18.4","21","1","0","4.54","1.44","9","18","9","3","19","0","1","0"
"Tanner Houck","BOS","SP","17.1","14","1","0","4.42","1.35","8","17","6","2","5","2","1","0"
"Julian Aguiar","CIN","SP","33.2","24","1","0","4.85","1.36","18","35","10","5","25","2","2","0"
"Alek Jacob","SD","RP","31.1","28","1","0","4.79","1.42","17","30","14","5","28","0","2","0"
"Bryce Montes de Oca","WSH","RP","12.3","14","1","0","4.00","1.44","5","11","7","1","12","0","1","0"
"T.J. McFarland","","RP","28.9","19","1","0","4.41","1.42","14","31","10","3","31","0","2","0"
"Jake Miller","DET","SP","14.2","12","1","0","4.36","1.33","7","14","5","2","14","0","1","0"
"Sauryn Lao","","RP","9.9","8","1","0","3.92","1.28","4","9","3","1","8","0","1","0"
"Gavin Hollowell","CHC","RP","17.4","18","1","0","4.48","1.42","9","16","9","2","16","0","1","0"
"John Brebbia","","RP","22.2","22","1","0","4.81","1.39","12","23","8","4","22","0","1","0"
"Marc Church","TEX","RP","35.6","33","2","0","4.89","1.55","19","34","21","5","34","0","2","0"
"Austin Love","STL","SP","29.4","25","1","0","4.67","1.43","15","29","13","4","29","0","2","0"
"Ryan Loutos","SEA","RP","21.8","19","1","0","4.51","1.42","11","21","10","3","22","0","1","0"
"Nick Anderson","ATH","RP","20.8","19","1","0","4.68","1.39","11","21","8","3","20","0","1","0"
"Kevin Herget","NYM","RP","10.3","9","1","0","4.40","1.24","5","10","3","2","6","0","0","0"
"Carlos Carrasco","ATL","SP","39.0","29","2","0","5.03","1.47","22","43","14","6","8","8","3","0"
"Tanner Rainey","DET","RP","15.4","16","1","0","4.47","1.41","8","14","8","2","16","0","1","0"
"Jack Neely","CHC","RP","19.0","20","1","0","4.59","1.44","10","17","10","3","19","0","1","0"
"Miguel Castro","LAA","RP","21.2","18","1","0","4.56","1.41","11","20","9","3","21","0","1","0"
"Shane Murphy","CWS","RP","17.7","12","1","0","4.62","1.31","9","19","4","3","18","0","1","0"
"Ronan Kopp","LAD","SP,RP","13.5","15","1","0","4.20","1.47","6","11","9","2","13","0","1","0"
"Jhancarlos Lara","ATL","SP,RP","14.3","16","1","0","4.24","1.48","7","12","9","1","14","0","1","0"
"Jack Little","DET","RP","11.6","10","1","0","4.27","1.34","6","11","5","1","8","0","1","0"
"Enoli Paredes","BAL","RP","8.6","10","1","0","4.19","1.34","4","7","5","1","8","0","1","0"
"Tyler Uberstine","BOS","SP","12.4","11","1","0","4.45","1.34","6","13","4","2","11","0","1","0"
"Garrett Acton","MIA","RP","19.9","19","1","0","4.74","1.41","10","19","9","3","20","0","1","0"
"Eric Cerantola","KC","RP","17.3","17","1","0","4.48","1.45","9","16","9","2","16","0","1","0"
"Bryan Sammons","DET","RP","18.6","17","1","0","4.60","1.42","10","18","9","4","4","1","1","0"
"Nolan Hoffman","PHI","SP,RP","16.5","16","1","0","4.44","1.45","8","16","8","2","16","0","1","0"
"Doug Nikhazy","CLE","SP,RP","29.3","26","1","0","4.71","1.46","15","29","14","4","20","2","2","0"
"Landon Knack","LAD","SP","23.9","21","1","0","4.94","1.38","13","23","10","4","13","3","1","0"
"William Kempner","MIA","RP","24.1","23","1","0","4.64","1.47","12","23","13","3","24","0","2","0"
"Jackson Wolf","SD","SP","10.7","9","1","0","4.35","1.32","5","10","4","2","10","0","1","0"
"Duncan Davitt","CWS","SP","29.1","22","1","0","4.90","1.38","16","31","10","4","13","4","2","0"
"Josh Ekness","MIA","RP","16.9","15","1","0","4.46","1.43","8","16","8","2","16","0","1","0"
"Jayvien Sandridge","LAA","RP","22.9","26","1","0","4.64","1.52","12","20","15","3","24","0","1","0"
"Dugan Darnell","DET","RP","11.2","12","1","0","4.43","1.39","6","10","6","1","8","0","1","0"
"Brian Van Belle","TB","SP,RP","10.6","8","1","0","4.24","1.32","5","12","3","2","5","1","1","0"
"Rolddy Munoz","ATL","RP","19.1","17","1","0","4.45","1.46","9","18","9","2","18","0","1","0"
"Robinson Pina","","SP,RP","9.5","8","1","0","4.25","1.31","5","10","3","2","8","1","1","0"
"Valente Bellozo","COL","SP,RP","25.4","18","1","0","4.61","1.42","13","28","8","5","6","6","2","0"
"James Karinchak","ATL","RP","11.9","13","1","0","4.52","1.41","6","10","6","2","12","0","1","0"
"Seth Martinez","BOS","RP","13.6","12","1","0","4.57","1.37","7","13","5","2","13","0","1","0"
"Scott Effross","DET","RP","17.9","12","1","0","4.41","1.40","9","19","6","2","17","0","1","0"
"Jhonathan Diaz","","RP","12.8","9","1","0","4.31","1.36","6","13","4","1","9","1","1","0"
"Scott McGough","","RP","26.5","24","1","0","4.87","1.43","14","26","11","4","25","0","1","0"
"Chris Flexen","","RP","24.9","19","1","0","4.69","1.42","13","27","9","4","12","1","2","0"
"Will Johnston","ATH","SP,RP","11.3","11","1","0","4.36","1.41","5","10","6","2","11","0","1","0"
"Ryan Rolison","CHC","RP","20.3","16","1","0","4.62","1.42","10","21","8","3","18","0","1","0"
"Nestor German","BAL","SP","11.2","10","1","0","4.41","1.38","6","11","5","2","3","3","1","0"
"Shinnosuke Ogasawara","WSH","SP,RP","13.8","10","1","0","4.50","1.36","7","15","4","2","11","0","1","0"
"Blas Castano","SEA","SP,RP","13.3","10","1","0","4.48","1.37","7","13","5","2","12","0","1","0"
"Tom Cosgrove","HOU","RP","13.9","13","1","0","4.60","1.41","7","13","7","2","14","0","1","0"
"Jose Franco","CIN","SP,RP","15.7","15","1","0","4.84","1.39","8","15","7","2","15","0","1","0"
"Lyon Richardson","CIN","RP","23.7","20","1","0","4.56","1.48","12","23","12","3","21","0","1","0"
"Jake Bloss","TOR","SP","13.8","12","1","0","4.63","1.39","7","14","6","2","12","0","1","0"
"Blake Walston","ARI","RP","15.4","13","1","0","4.56","1.42","8","15","7","2","12","1","1","0"
"Isaiah Campbell","ARI","RP","17.6","13","1","0","4.52","1.42","9","19","6","2","18","0","1","0"
"Jake Eder","WSH","SP,RP","24.4","20","1","0","4.80","1.43","13","25","10","3","21","0","1","0"
"Lucas Sims","CWS","RP","32.5","32","2","0","5.25","1.54","19","29","21","5","34","0","2","0"
"Dan Altavilla","MIN","RP","31.7","26","1","0","4.74","1.47","17","31","16","4","32","0","2","0"
"Alexander Alberto","CWS","RP","43.8","36","2","0","4.93","1.55","24","44","24","5","43","0","3","0"
"Orlando Ribalta","WSH","RP","30.3","28","1","0","4.78","1.49","16","29","16","4","30","0","1","0"
"Joe La Sorsa","PIT","RP","15.1","11","1","0","4.43","1.42","7","16","6","2","14","0","1","0"
"Dax Fulton","MIA","SP","19.0","16","1","0","4.53","1.47","10","19","9","2","12","2","1","0"
"Hans Crouse","BAL","RP","7.3","8","1","0","4.40","1.36","4","6","4","1","7","0","1","0"
"Christian MacLeod","MIN","P","7.9","8","1","0","4.32","1.38","4","7","4","1","7","0","0","0"
"Christian Roa","HOU","RP","8.8","8","1","0","4.11","1.43","4","8","5","1","6","1","1","0"
"Randy Dobnak","SEA","RP","13.7","10","1","0","4.44","1.41","7","14","6","2","11","0","1","0"
"Bryse Wilson","PHI","SP,RP","28.2","20","1","0","4.94","1.39","16","30","9","5","13","3","2","0"
"John Curtiss","ARI","RP","21.1","17","1","0","4.90","1.40","12","22","8","4","18","0","2","0"
"Tate Kuehner","MIL","SP","9.5","8","1","0","4.34","1.40","5","9","5","1","9","0","1","0"
"J.P. France","HOU","SP,RP","15.3","13","1","0","4.69","1.42","8","15","7","2","12","0","1","0"
"Henry Baez","ATH","SP","17.4","12","1","0","4.57","1.42","9","18","7","2","5","3","1","0"
"A.J. Causey","KC","RP","11.2","9","1","0","4.50","1.40","6","11","4","2","11","0","1","0"
"Yilber Diaz","ARI","RP","29.2","28","1","1","4.82","1.54","16","28","17","4","22","2","1","0"
"Jeff Criswell","COL","RP","18.8","18","1","0","4.82","1.46","10","19","8","3","17","0","1","0"
"Zack Thompson","STL","RP","14.0","14","1","0","4.65","1.47","7","13","8","2","9","1","1","0"
"Francis Pena","SD","RP","13.5","11","1","0","4.43","1.46","7","14","6","2","13","0","1","0"
"Scott Blewett","STL","RP","22.6","17","1","0","4.80","1.43","12","24","9","3","20","0","1","0"
"Dale Stanavich","MIA","RP","13.8","13","1","0","4.49","1.50","7","13","8","2","14","0","1","0"
"Cam Sanders","PIT","RP","25.9","25","1","0","4.70","1.53","14","24","16","3","25","0","1","0"
"Jurrangelo Cijntje","STL","SP","16.6","13","1","0","4.62","1.45","9","17","8","3","4","4","1","0"
"Robby Ahlstrom","TEX","RP","22.1","19","1","0","4.73","1.48","12","22","11","3","22","0","1","0"
"Sam Benschoter","CIN","RP","21.1","15","1","0","4.65","1.45","11","23","7","3","19","0","1","0"
"Marco Raya","MIN","SP,RP","20.2","18","1","0","4.70","1.49","11","20","10","3","20","0","1","0"
"Seth Johnson","PHI","SP,RP","20.8","19","1","0","4.80","1.48","11","21","10","3","19","0","1","0"
"Ben Lively","","SP","12.0","9","1","0","4.66","1.40","6","12","4","2","2","2","1","0"
"Gabriel Hughes","COL","SP","40.3","28","2","0","5.14","1.49","23","45","15","6","17","6","3","0"
"Andrew Sears","DET","SP","9.5","8","1","0","4.74","1.38","5","9","4","1","9","0","1","0"
"Osvaldo Bido","NYY","SP,RP","19.6","17","1","0","4.95","1.44","11","20","9","3","6","2","1","0"
"Christian Montes De Oca","ARI","RP","11.2","9","1","0","4.83","1.39","6","11","5","2","5","0","1","0"
"Marco Gonzales","SD","SP","24.7","18","1","0","4.94","1.42","14","27","9","4","5","5","1","0"
"Josh Staumont","CIN","RP","11.4","11","1","0","4.75","1.46","6","11","6","1","11","0","1","0"
"Kyle Keller","BOS","RP","30.1","29","1","0","5.09","1.47","17","30","15","5","30","0","1","0"
"Brandon Waddell","NYM","RP","22.4","19","1","0","4.86","1.47","12","23","10","3","9","0","1","0"
"Ben Bowden","ATH","RP","11.6","12","1","0","4.67","1.51","6","10","8","1","14","0","1","0"
"Levi Wells","BAL","SP","9.8","8","1","0","4.15","1.54","5","10","5","1","3","3","1","0"
"Vinny Nittoli","BOS","RP","11.6","12","1","0","5.06","1.43","7","12","5","2","9","0","1","0"
"Freddy Tarnok","MIA","SP,RP","12.1","12","1","0","4.84","1.49","7","11","7","2","7","1","1","0"
"Connor Thomas","MIL","RP","10.9","8","1","0","4.54","1.47","6","12","4","2","4","1","1","0"
"Will Childers","MIL","RP","10.5","9","1","0","4.61","1.49","5","11","5","2","10","0","1","0"
"Jake Miller","CLE","SP","10.0","7","1","0","4.73","1.43","5","10","4","1","10","0","1","0"
"Jaden Woods","PIT","RP","18.6","15","1","0","4.75","1.50","10","19","9","2","19","0","1","0"
"Yunior Marte","CIN","RP","15.0","13","1","0","4.92","1.47","8","15","7","2","15","0","1","0"
"Hayden Durke","ARI","RP","9.0","9","1","0","4.52","1.56","5","8","6","1","9","0","1","0"
"Sam Long","","RP","21.0","19","1","0","4.92","1.50","12","21","11","3","22","0","2","0"
"Thomas Hatch","ARI","SP,RP","16.2","13","1","0","4.91","1.46","9","17","6","2","7","0","1","0"
"Elvin Rodriguez","","RP","10.1","8","1","0","4.90","1.43","6","11","4","2","3","3","1","0"
"Victor Mederos","LAA","SP,RP","25.7","20","1","0","4.97","1.46","14","26","11","4","22","0","1","0"
"Nathan Wiles","","RP","7.4","6","1","0","4.86","1.42","4","8","3","2","6","1","0","0"
"Ken Waldichuk","WSH","SP","17.4","17","1","0","5.05","1.49","10","17","9","3","9","2","1","0"
"Wilber Dotel","PIT","SP","27.4","21","1","0","4.98","1.46","15","28","11","4","14","3","2","0"
"Chayce McDermott","BAL","SP,RP","16.4","16","1","0","4.96","1.52","9","16","9","2","9","2","1","0"
"Nabil Crismatt","TEX","SP,RP","12.9","10","1","0","5.06","1.43","7","14","4","3","6","1","1","0"
"Triston McKenzie","SD","SP,RP","26.0","24","1","0","5.13","1.48","15","25","14","5","13","3","2","0"
"Anthony Misiewicz","CIN","RP","9.1","8","1","0","5.45","1.38","6","9","4","2","10","0","1","0"
"Brandon Walter","HOU","SP","6.5","6","0","0","3.79","1.11","3","6","1","1","1","1","0","0"
"Travis Sykora","WSH","SP","16.5","17","1","0","4.91","1.58","9","16","11","2","16","1","1","0"
"Matt Krook","ATH","RP","8.6","9","1","0","4.73","1.63","5","7","7","1","9","0","1","0"
"Darren McCaughan","CIN","SP,RP","11.1","9","1","0","5.28","1.44","7","13","4","3","4","1","1","0"
"Connor Seabold","TOR","RP","12.0","10","1","0","5.26","1.46","7","13","5","3","7","1","1","0"
"Andry Lara","WSH","RP","30.6","23","1","0","4.93","1.50","17","32","14","4","21","0","1","0"
"Anthony Maldonado","HOU","RP","9.6","10","1","0","5.15","1.56","6","10","6","2","11","0","1","0"
"Daniel Robert","PHI","RP","8.4","9","0","0","4.09","1.30","4","7","4","1","9","0","0","0"
"Austin Pope","ATL","RP","9.6","10","1","0","5.16","1.56","6","10","6","1","5","0","1","0"
"Sam Aldegheri","LAA","SP","37.2","28","2","0","5.33","1.53","22","39","18","6","10","6","3","0"
"Ben Kudrna","KC","SP","14.7","11","1","0","5.02","1.50","8","16","7","2","8","2","1","0"
"Tyson Miller","CWS","RP","16.6","14","1","0","4.87","1.56","9","16","10","2","15","0","2","0"
"Anthony Veneziano","","RP","15.3","13","1","0","4.71","1.60","8","16","9","2","15","1","1","0"
"AJ Smith-Shawver","ATL","SP","8.5","9","0","0","4.38","1.29","4","8","3","1","5","1","0","0"
"Sem Robberse","STL","SP","11.3","9","1","0","4.80","1.60","6","12","6","2","10","1","1","0"
"Tejay Antone","CIN","SP,RP","14.5","12","1","0","5.01","1.55","8","16","7","2","14","0","1","0"
"Carson Ragsdale","","SP,RP","13.4","12","1","0","5.04","1.57","8","13","8","3","5","1","1","0"
"Tyler Zuber","MIA","RP","12.6","13","1","0","5.36","1.55","8","13","7","2","10","0","1","0"
"Chen Zhong-Ao Zhuang","ATH","SP","9.6","8","0","0","4.59","1.24","5","10","2","2","9","0","1","0"
"Austin Cox","","RP","15.8","14","1","0","5.13","1.55","9","17","8","3","10","0","1","0"
"Reggie Crawford","SF","RP","9.5","10","0","0","4.34","1.37","5","8","5","1","9","0","1","0"
"Jack Kochanowicz","LAA","SP","29.9","19","1","0","4.97","1.49","17","33","12","4","18","3","2","0"
"Beau Burrows","PIT","RP","13.3","11","1","0","5.08","1.58","8","13","8","2","14","0","1","0"
"Dedniel Nunez","NYM","RP","5.2","5","0","0","3.52","1.30","2","4","2","1","5","0","0","0"
"Omar Cruz","SD","RP","9.7","10","1","0","5.08","1.69","6","9","8","1","6","1","1","0"
"Taylor Rashi","ARI","RP","11.3","11","0","0","4.31","1.45","5","11","6","1","10","0","0","0"
"Dylan Coleman","NYY","RP","11.3","11","1","0","4.95","1.69","6","10","9","1","12","0","1","0"
"Tyler Mattison","","RP","13.6","14","1","0","4.97","1.69","8","11","13","1","13","0","1","0"
"Jake Woodford","TB","SP,RP","19.2","15","1","0","5.17","1.54","11","21","9","3","11","1","1","0"
"Guillo Zuniga","SEA","RP","9.3","8","0","0","4.47","1.36","5","9","4","1","9","0","1","0"
"Nigel Belgrave","MIA","RP","7.6","7","0","0","4.16","1.39","4","7","4","1","8","0","0","0"
"Jose De Leon","BOS","SP,RP","28.7","27","1","1","5.18","1.60","17","29","17","5","6","6","2","0"
"Adam Macko","TOR","SP,RP","10.8","10","0","0","4.47","1.44","5","10","5","1","8","1","1","0"
"Carl Edwards Jr.","NYM","RP","7.3","7","0","0","4.32","1.39","4","7","3","1","7","0","0","0"
"Austin Kitchen","SEA","RP","8.0","5","0","0","4.38","1.31","4","8","2","1","8","0","0","0"
"Ben Shields","COL","SP","9.5","8","0","0","4.51","1.40","5","10","4","1","9","0","1","0"
"Collin Snider","CHC","RP","9.0","7","0","0","4.55","1.38","5","9","3","1","9","0","1","0"
"Tucker Davidson","PHI","RP","7.3","6","0","0","4.47","1.38","4","7","3","1","7","0","0","0"
"Leandro Lopez","TEX","SP","6.9","6","0","0","4.55","1.37","4","6","3","1","2","2","1","0"
"Max Kranick","","RP","4.3","3","0","0","4.19","1.28","2","4","2","1","4","0","1","0"
"Michael Mercado","PHI","RP","9.3","8","1","0","5.34","1.73","6","9","7","2","6","0","1","0"
"Noah Davis","PIT","RP","7.3","6","0","0","4.57","1.39","4","7","3","1","7","0","0","0"
"Carson Palmquist","COL","SP,RP","34.2","31","1","0","5.35","1.53","20","35","17","6","17","4","2","0"
"Davis Daniel","CIN","SP","22.8","18","1","0","5.34","1.54","14","25","10","5","7","3","2","0"
"Ben Peoples","CWS","RP","8.4","7","0","0","4.68","1.41","4","8","4","1","8","0","0","0"
"Nick Hernandez","ATH","RP","8.3","9","0","0","5.02","1.41","5","8","4","1","7","0","0","0"
"Brian Fitzpatrick","MIL","P","7.6","7","0","0","4.48","1.47","4","8","4","1","8","0","1","0"
"Cole Irvin","LAD","SP,RP","12.0","9","0","0","4.80","1.42","6","13","4","2","9","1","0","0"
"Jared Shuster","STL","SP,RP","12.8","9","1","0","5.28","1.64","8","15","6","2","7","1","1","0"
"Corbin Martin","CHC","RP","7.9","7","0","0","4.61","1.46","4","8","4","1","8","0","0","0"
"Jackson Jobe","DET","SP,RP","7.2","6","0","0","4.49","1.47","4","7","4","1","2","2","0","0"
"Eduardo Salazar","MIN","RP","17.6","14","1","0","5.11","1.65","10","19","10","2","17","0","2","0"
"Eric Reyzelman","NYY","RP","7.5","7","0","0","4.64","1.50","4","7","4","1","7","0","0","0"
"Zach Brzykcy","MIA","RP","18.9","19","1","0","5.39","1.65","11","19","12","3","20","0","1","0"
"Jake Bennett","BOS","SP","8.0","6","0","0","4.71","1.44","4","9","3","1","8","0","0","0"
"Sean Reynolds","","RP","18.1","17","1","0","5.22","1.68","11","16","15","2","13","0","1","0"
"Juan Sanchez","SF","RP","8.0","7","0","0","4.73","1.49","4","8","4","1","8","0","0","0"
"Owen White","","SP,RP","11.8","8","1","0","5.32","1.69","7","13","8","2","6","1","1","0"
"Pete Hansen","STL","SP","8.6","6","0","0","4.71","1.45","4","10","3","1","2","2","1","0"
"Carson Spiers","CIN","SP,RP","6.2","5","0","0","4.77","1.47","3","6","3","1","2","1","0","0"
"Eiberson Castellano","COL","RP","8.0","7","0","0","4.86","1.49","4","9","3","1","8","0","1","0"
"Bradley Blalock","MIA","SP","19.7","13","1","0","5.38","1.56","12","22","9","3","14","1","1","0"
"Jean Cabrera","PHI","SP","12.3","9","0","0","4.95","1.46","7","12","5","2","2","2","1","0"
"Stevie Emanuels","ATH","RP","7.3","7","0","0","4.88","1.54","4","7","4","1","7","0","1","0"
"Joe Elbis","ARI","SP","5.9","4","0","0","4.98","1.43","3","6","2","1","3","1","0","0"
"Riley Cornelio","WSH","SP","23.8","17","1","0","5.40","1.55","14","26","11","4","5","5","2","0"
"Kyle Bischoff","MIN","P","8.0","7","0","0","4.82","1.54","4","8","4","1","8","0","1","0"
"Luis Peralta","COL","RP","30.9","29","1","0","5.27","1.61","18","32","18","5","32","0","2","0"
"Yoniel Curet","PHI","SP","10.3","9","0","0","5.01","1.52","6","10","6","1","5","2","1","0"
"Troy Watson","DET","SP","8.2","6","0","0","5.13","1.48","5","9","3","1","2","2","1","0"
"Carson Coleman","NYY","RP","6.0","6","0","0","5.50","1.50","4","6","3","1","6","0","0","0"
"Anthony Molina","ATL","RP","20.5","15","1","0","5.49","1.60","13","24","9","3","11","0","1","0"
"Jairo Iriarte","CWS","RP","13.9","12","0","0","5.03","1.55","8","14","8","2","13","0","1","0"
"Bryce Jarvis","ARI","RP","18.2","14","1","0","5.51","1.64","11","20","10","3","11","0","1","0"
"Casey Lawrence","SEA","RP","8.6","4","0","0","5.22","1.42","5","10","2","2","2","2","1","0"
"Sean Sullivan","PIT","SP","8.7","6","0","0","5.17","1.50","5","10","3","1","2","2","1","0"
"Logan VanWey","HOU","RP","10.1","10","1","0","5.81","1.89","7","9","10","2","8","0","1","0"
"Casey Kelly","","RP","8.7","4","1","0","5.69","1.84","6","11","5","2","5","1","0","0"
"Nick Frasso","LAD","SP,RP","11.7","9","1","0","5.79","1.76","8","12","9","2","11","1","1","0"
"Brett Wichrowski","MIL","SP","7.8","5","0","0","5.36","1.50","5","8","3","1","2","2","1","0"
"Kevin Abel","CIN","P","9.1","7","0","0","5.39","1.52","5","9","5","2","9","0","1","0"
"Walbert Urena","LAA","SP","9.9","7","0","0","5.06","1.58","6","11","5","1","7","1","1","0"
"Tommy Henry","ARI","RP","6.0","5","0","0","5.28","1.68","4","7","3","1","2","2","1","0"
"Jagger Haynes","SD","SP","10.4","8","0","0","5.33","1.56","6","11","6","1","2","2","1","0"
"Michael Arias","NYY","RP","11.0","11","1","0","6.15","2.05","8","11","12","2","11","0","1","0"
"Antonio Senzatela","COL","SP,RP","59.4","36","2","0","5.38","1.57","36","73","20","9","41","2","4","0"
""
""